noted_date,simple_id,room_id,temp,out/in
2018-10-20 05:37:00,21476,Room Admin,31,In
2018-10-20 05:41:00,21389,Room Admin,33,In
2018-10-20 05:43:00,21352,Room Admin,31,In
2018-10-20 05:49:00,21238,Room Admin,30,In
2018-10-20 05:51:00,21197,Room Admin,31,In
2018-10-20 05:57:00,21068,Room Admin,30,In
2018-10-20 05:59:00,21027,Room Admin,31,In
2018-10-20 06:01:00,20983,Room Admin,30,In
2018-10-20 06:03:00,20938,Room Admin,31,In
2018-10-20 06:27:00,20930,Room Admin,30,In
2018-10-20 06:29:00,20929,Room Admin,31,In
2018-10-20 06:39:00,20927,Room Admin,30,In
2018-10-20 06:41:00,20925,Room Admin,31,In
2018-10-20 06:56:00,20923,Room Admin,34,In
2018-10-20 06:56:00,20921,Room Admin,30,In
2018-10-20 07:00:00,20919,Room Admin,29,In
2018-10-20 07:02:00,20917,Room Admin,30,In
2018-10-20 07:16:00,20913,Room Admin,34,In
2018-10-20 07:30:00,20909,Room Admin,31,In
2018-10-20 07:36:00,20908,Room Admin,34,In
2018-10-20 07:36:00,20907,Room Admin,30,In
2018-10-20 07:38:00,20906,Room Admin,31,In
2018-10-20 07:50:00,20903,Room Admin,34,In
2018-10-20 08:18:00,20900,Room Admin,31,In
2018-10-20 08:22:00,20899,Room Admin,34,In
2018-10-20 08:34:00,20894,Room Admin,31,In
2018-10-20 08:36:00,20892,Room Admin,31,In
2018-10-20 08:38:00,20890,Room Admin,31,In
2018-10-20 08:40:00,20889,Room Admin,32,In
2018-10-20 08:42:00,20888,Room Admin,32,In
2018-10-20 08:44:00,20887,Room Admin,31,In
2018-10-20 08:54:00,20884,Room Admin,32,In
2018-10-20 08:56:00,20882,Room Admin,31,In
2018-10-20 09:04:00,20880,Room Admin,32,In
2018-10-20 09:06:00,20879,Room Admin,31,In
2018-10-20 09:10:00,20877,Room Admin,32,In
2018-10-20 09:12:00,20876,Room Admin,31,In
2018-10-20 09:26:00,20872,Room Admin,32,In
2018-10-20 09:28:00,20871,Room Admin,31,In
2018-10-20 09:30:00,20870,Room Admin,32,In
2018-10-20 09:36:00,20867,Room Admin,34,In
2018-10-20 09:42:00,20865,Room Admin,32,In
2018-10-20 09:52:00,20864,Room Admin,32,In
2018-10-20 09:56:00,20862,Room Admin,31,In
2018-10-20 09:58:00,20860,Room Admin,32,In
2018-10-20 10:24:00,20854,Room Admin,31,In
2018-10-20 10:26:00,20852,Room Admin,32,In
2018-10-20 11:26:00,20839,Room Admin,31,In
2018-10-20 11:28:00,20837,Room Admin,32,In
2018-10-20 11:48:00,20834,Room Admin,33,In
2018-10-20 11:50:00,20833,Room Admin,32,In
2018-10-20 12:14:00,20831,Room Admin,34,In
2018-10-20 13:12:00,20826,Room Admin,34,In
2018-10-20 13:36:00,20825,Room Admin,32,In
2018-10-20 13:38:00,20824,Room Admin,32,In
2018-10-20 14:21:00,20816,Room Admin,34,In
2018-10-20 14:24:00,20815,Room Admin,33,In
2018-10-20 14:26:00,20814,Room Admin,32,In
2018-10-20 14:40:00,20811,Room Admin,32,In
2018-10-20 14:42:00,20810,Room Admin,32,In
2018-10-20 15:08:00,20803,Room Admin,33,In
2018-10-20 15:10:00,20801,Room Admin,32,In
2018-10-20 16:43:00,20771,Room Admin,34,In
2018-10-20 16:47:00,20769,Room Admin,32,In
2018-10-20 16:49:00,20768,Room Admin,32,In
2018-10-20 16:49:00,20767,Room Admin,34,In
2018-10-20 16:51:00,20766,Room Admin,34,In
2018-10-20 17:37:00,20753,Room Admin,31,In
2018-10-20 17:39:00,20751,Room Admin,32,In
2018-10-20 17:41:00,20750,Room Admin,33,In
2018-10-20 17:43:00,20748,Room Admin,32,In
2018-10-20 18:39:00,20727,Room Admin,32,In
2018-10-20 18:41:00,20725,Room Admin,32,In
2018-10-20 19:11:00,20710,Room Admin,34,In
2018-10-20 19:15:00,20707,Room Admin,34,In
2018-10-20 19:17:00,20706,Room Admin,34,In
2018-10-20 19:21:00,20703,Room Admin,34,In
2018-10-20 19:25:00,20700,Room Admin,34,In
2018-10-20 19:27:00,20698,Room Admin,34,In
2018-10-20 19:31:00,20694,Room Admin,34,In
2018-10-20 19:37:00,20691,Room Admin,34,In
2018-10-20 19:39:00,20689,Room Admin,34,In
2018-10-20 20:21:00,20673,Room Admin,33,In
2018-10-20 20:23:00,20672,Room Admin,32,In
2018-10-20 21:45:00,20646,Room Admin,31,In
2018-10-20 21:47:00,20645,Room Admin,32,In
2018-10-20 22:07:00,20636,Room Admin,31,In
2018-10-20 22:09:00,20635,Room Admin,32,In
2018-10-20 22:31:00,20628,Room Admin,31,In
2018-10-20 22:33:00,20626,Room Admin,32,In
2018-10-20 22:39:00,20624,Room Admin,31,In
2018-10-20 22:41:00,20622,Room Admin,32,In
2018-10-20 22:57:00,20615,Room Admin,31,In
2018-10-20 23:01:00,20611,Room Admin,32,In
2018-10-20 23:11:00,20607,Room Admin,31,In
2018-10-20 23:17:00,20603,Room Admin,32,In
2018-10-20 23:21:00,20601,Room Admin,31,In
2018-10-20 23:23:00,20599,Room Admin,32,In
2018-10-20 23:25:00,20597,Room Admin,31,In
2018-10-20 23:29:00,20594,Room Admin,32,In
2018-10-20 23:31:00,20592,Room Admin,31,In
2018-10-20 23:33:00,20591,Room Admin,32,In
2018-10-20 23:37:00,20589,Room Admin,31,In
2018-10-20 23:41:00,20587,Room Admin,32,In
2018-10-20 23:45:00,20584,Room Admin,31,In
2018-10-20 23:49:00,20581,Room Admin,32,In
2018-10-20 23:51:00,20579,Room Admin,31,In
2018-10-20 23:53:00,20577,Room Admin,32,In
2018-10-20 23:57:00,20576,Room Admin,31,In
2018-10-21 00:01:00,20575,Room Admin,32,In
2018-10-21 00:05:00,20573,Room Admin,31,In
2018-10-21 00:07:00,20571,Room Admin,32,In
2018-10-21 00:09:00,20569,Room Admin,31,In
2018-10-21 00:17:00,20564,Room Admin,32,In
2018-10-21 00:21:00,20561,Room Admin,31,In
2018-10-21 00:25:00,20558,Room Admin,32,In
2018-10-21 00:31:00,20555,Room Admin,31,In
2018-10-21 00:33:00,20553,Room Admin,32,In
2018-10-21 00:35:00,20551,Room Admin,31,In
2018-10-21 00:56:00,20544,Room Admin,34,In
2018-10-21 00:57:00,20542,Room Admin,31,In
2018-10-21 00:58:00,20541,Room Admin,34,In
2018-10-21 00:59:00,20540,Room Admin,31,In
2018-10-21 01:00:00,20539,Room Admin,34,In
2018-10-21 01:11:00,20534,Room Admin,33,In
2018-10-21 01:13:00,20532,Room Admin,31,In
2018-10-21 01:15:00,20530,Room Admin,32,In
2018-10-21 01:17:00,20529,Room Admin,31,In
2018-10-21 01:25:00,20524,Room Admin,31,In
2018-10-21 01:27:00,20522,Room Admin,31,In
2018-10-21 02:14:00,20511,Room Admin,34,In
2018-10-21 02:22:00,20506,Room Admin,34,In
2018-10-21 02:24:00,20504,Room Admin,34,In
2018-10-21 02:30:00,20501,Room Admin,34,In
2018-10-21 02:42:00,20495,Room Admin,34,In
2018-10-21 02:44:00,20493,Room Admin,34,In
2018-10-21 02:46:00,20492,Room Admin,34,In
2018-10-21 02:48:00,20490,Room Admin,34,In
2018-10-21 02:50:00,20488,Room Admin,34,In
2018-10-21 02:58:00,20486,Room Admin,34,In
2018-10-21 03:01:00,20485,Room Admin,30,In
2018-10-21 03:02:00,20484,Room Admin,33,In
2018-10-21 03:04:00,20482,Room Admin,33,In
2018-10-21 03:08:00,20480,Room Admin,32,In
2018-10-21 03:11:00,20478,Room Admin,30,In
2018-10-21 03:18:00,20475,Room Admin,31,In
2018-10-21 03:22:00,20473,Room Admin,31,In
2018-10-21 03:30:00,20472,Room Admin,31,In
2018-10-21 03:33:00,20471,Room Admin,29,In
2018-10-21 03:35:00,20470,Room Admin,29,In
2018-10-21 03:39:00,20467,Room Admin,30,In
2018-10-21 03:44:00,20465,Room Admin,32,In
2018-10-21 04:00:00,20460,Room Admin,33,In
2018-10-21 04:47:00,20450,Room Admin,33,In
2018-10-21 04:49:00,20449,Room Admin,30,In
2018-10-21 04:52:00,20448,Room Admin,34,In
2018-10-21 04:53:00,20447,Room Admin,30,In
2018-10-21 04:54:00,20446,Room Admin,33,In
2018-10-21 04:55:00,20444,Room Admin,30,In
2018-10-21 04:56:00,20443,Room Admin,34,In
2018-10-21 04:59:00,20441,Room Admin,30,In
2018-10-21 05:00:00,20440,Room Admin,33,In
2018-10-21 05:01:00,20438,Room Admin,30,In
2018-10-21 05:02:00,20437,Room Admin,34,In
2018-10-21 05:03:00,20435,Room Admin,30,In
2018-10-21 05:05:00,20433,Room Admin,30,In
2018-10-21 05:07:00,20432,Room Admin,30,In
2018-10-21 05:09:00,20431,Room Admin,30,In
2018-10-21 05:15:00,20430,Room Admin,30,In
2018-10-21 05:23:00,20429,Room Admin,30,In
2018-10-21 05:26:00,20427,Room Admin,34,In
2018-10-21 05:34:00,20422,Room Admin,34,In
2018-10-21 05:35:00,20420,Room Admin,30,In
2018-10-21 05:37:00,20418,Room Admin,34,In
2018-10-21 05:37:00,20417,Room Admin,30,In
2018-10-21 05:39:00,20415,Room Admin,30,In
2018-10-21 05:45:00,20413,Room Admin,30,In
2018-10-21 05:49:00,20412,Room Admin,30,In
2018-10-21 05:51:00,20411,Room Admin,30,In
2018-10-21 05:53:00,20409,Room Admin,30,In
2018-10-21 05:55:00,20407,Room Admin,30,In
2018-10-21 05:59:00,20405,Room Admin,30,In
2018-10-21 06:11:00,20404,Room Admin,31,In
2018-10-21 06:13:00,20403,Room Admin,31,In
2018-10-21 06:19:00,20402,Room Admin,30,In
2018-10-21 06:21:00,20401,Room Admin,31,In
2018-10-21 06:23:00,20400,Room Admin,31,In
2018-10-21 06:25:00,20399,Room Admin,31,In
2018-10-21 06:31:00,20396,Room Admin,31,In
2018-10-21 06:33:00,20395,Room Admin,31,In
2018-10-21 06:37:00,20393,Room Admin,31,In
2018-10-21 06:39:00,20392,Room Admin,31,In
2018-10-21 07:05:00,20386,Room Admin,33,In
2018-10-21 07:07:00,20385,Room Admin,31,In
2018-10-21 07:07:00,20384,Room Admin,34,In
2018-10-21 07:47:00,20376,Room Admin,32,In
2018-10-21 07:53:00,20374,Room Admin,31,In
2018-10-21 07:55:00,20373,Room Admin,32,In
2018-10-21 07:59:00,20371,Room Admin,31,In
2018-10-21 08:01:00,20369,Room Admin,32,In
2018-10-21 08:03:00,20368,Room Admin,31,In
2018-10-21 08:07:00,20367,Room Admin,32,In
2018-10-21 08:09:00,20366,Room Admin,31,In
2018-10-21 08:11:00,20364,Room Admin,34,In
2018-10-21 08:13:00,20363,Room Admin,32,In
2018-10-21 08:13:00,20362,Room Admin,34,In
2018-10-21 08:17:00,20361,Room Admin,34,In
2018-10-21 08:21:00,20360,Room Admin,31,In
2018-10-21 08:21:00,20359,Room Admin,34,In
2018-10-21 08:23:00,20358,Room Admin,32,In
2018-10-21 08:23:00,20357,Room Admin,34,In
2018-10-21 08:25:00,20356,Room Admin,32,In
2018-10-21 08:27:00,20355,Room Admin,32,In
2018-10-21 08:43:00,20353,Room Admin,32,In
2018-10-21 08:45:00,20351,Room Admin,32,In
2018-10-21 09:01:00,20348,Room Admin,32,In
2018-10-21 09:03:00,20347,Room Admin,32,In
2018-10-21 09:17:00,20345,Room Admin,35,In
2018-10-21 09:19:00,20343,Room Admin,33,In
2018-10-21 09:19:00,20342,Room Admin,34,In
2018-10-21 09:21:00,20341,Room Admin,32,In
2018-10-21 09:37:00,20338,Room Admin,32,In
2018-10-21 09:39:00,20337,Room Admin,32,In
2018-10-21 09:51:00,20335,Room Admin,32,In
2018-10-21 09:53:00,20334,Room Admin,32,In
2018-10-21 10:01:00,20332,Room Admin,34,In
2018-10-21 10:03:00,20331,Room Admin,34,In
2018-10-21 10:05:00,20329,Room Admin,32,In
2018-10-21 10:05:00,20328,Room Admin,34,In
2018-10-21 10:07:00,20327,Room Admin,32,In
2018-10-21 10:07:00,20326,Room Admin,34,In
2018-10-21 10:11:00,20324,Room Admin,34,In
2018-10-21 10:13:00,20323,Room Admin,34,In
2018-10-21 10:15:00,20322,Room Admin,34,In
2018-10-21 10:17:00,20321,Room Admin,34,In
2018-10-21 10:19:00,20320,Room Admin,34,In
2018-10-21 10:25:00,20319,Room Admin,32,In
2018-10-21 10:37:00,20317,Room Admin,32,In
2018-10-21 10:39:00,20316,Room Admin,32,In
2018-10-21 11:45:00,20303,Room Admin,35,In
2018-10-21 11:47:00,20302,Room Admin,34,In
2018-10-21 11:57:00,20301,Room Admin,35,In
2018-10-21 11:59:00,20300,Room Admin,34,In
2018-10-21 12:07:00,20299,Room Admin,34,In
2018-10-21 12:09:00,20298,Room Admin,34,In
2018-10-21 12:11:00,20297,Room Admin,35,In
2018-10-21 12:13:00,20296,Room Admin,34,In
2018-10-21 16:16:00,20273,Room Admin,34,In
2018-10-21 16:20:00,20270,Room Admin,34,In
2018-10-21 16:22:00,20269,Room Admin,34,In
2018-10-21 16:26:00,20268,Room Admin,34,In
2018-10-21 16:32:00,20267,Room Admin,34,In
2018-10-21 16:34:00,20265,Room Admin,34,In
2018-10-21 16:40:00,20263,Room Admin,34,In
2018-10-21 16:42:00,20262,Room Admin,34,In
2018-10-21 16:48:00,20259,Room Admin,34,In
2018-10-21 16:52:00,20258,Room Admin,34,In
2018-10-21 16:54:00,20257,Room Admin,34,In
2018-10-21 16:56:00,20255,Room Admin,34,In
2018-10-21 16:58:00,20254,Room Admin,34,In
2018-10-22 00:33:00,20110,Room Admin,34,In
2018-10-22 00:35:00,20109,Room Admin,34,In
2018-10-22 00:45:00,20104,Room Admin,34,In
2018-10-22 00:47:00,20102,Room Admin,34,In
2018-10-22 00:57:00,20098,Room Admin,34,In
2018-10-22 01:09:00,20092,Room Admin,34,In
2018-10-22 01:17:00,20087,Room Admin,34,In
2018-10-22 01:19:00,20085,Room Admin,34,In
2018-10-22 01:27:00,20080,Room Admin,34,In
2018-10-22 01:29:00,20078,Room Admin,34,In
2018-10-22 01:41:00,20072,Room Admin,34,In
2018-10-22 01:43:00,20070,Room Admin,34,In
2018-10-22 01:47:00,20067,Room Admin,34,In
2018-10-22 01:53:00,20064,Room Admin,34,In
2018-10-22 01:57:00,20061,Room Admin,34,In
2018-10-22 02:15:00,20051,Room Admin,34,In
2018-10-22 02:17:00,20049,Room Admin,34,In
2018-10-22 02:19:00,20047,Room Admin,34,In
2018-10-22 02:25:00,20043,Room Admin,34,In
2018-10-22 02:29:00,20040,Room Admin,34,In
2018-10-22 02:33:00,20038,Room Admin,34,In
2018-10-22 02:35:00,20036,Room Admin,33,In
2018-10-22 02:39:00,20034,Room Admin,33,In
2018-10-22 02:43:00,20032,Room Admin,33,In
2018-10-22 02:45:00,20031,Room Admin,32,In
2018-10-22 02:47:00,20029,Room Admin,32,In
2018-10-22 02:51:00,20027,Room Admin,32,In
2018-10-22 02:53:00,20025,Room Admin,31,In
2018-10-22 02:55:00,20023,Room Admin,31,In
2018-10-22 03:01:00,20019,Room Admin,30,In
2018-10-22 03:11:00,20014,Room Admin,29,In
2018-10-22 03:13:00,20012,Room Admin,29,In
2018-10-22 03:23:00,20008,Room Admin,28,In
2018-10-22 03:25:00,20006,Room Admin,29,In
2018-10-22 03:27:00,20004,Room Admin,28,In
2018-10-22 03:41:00,19999,Room Admin,28,In
2018-10-22 03:57:00,19991,Room Admin,28,In
2018-10-22 04:09:00,19985,Room Admin,28,In
2018-10-22 04:13:00,19983,Room Admin,29,In
2018-10-22 04:27:00,19978,Room Admin,29,In
2018-10-22 05:01:00,19973,Room Admin,29,In
2018-10-22 05:05:00,19972,Room Admin,30,In
2018-10-22 05:07:00,19971,Room Admin,31,In
2018-10-22 05:09:00,19970,Room Admin,30,In
2018-10-22 05:17:00,19969,Room Admin,31,In
2018-10-22 05:19:00,19968,Room Admin,31,In
2018-10-22 05:29:00,19967,Room Admin,31,In
2018-10-22 05:35:00,19964,Room Admin,31,In
2018-10-22 05:40:00,19962,Room Admin,31,In
2018-10-22 06:00:00,19955,Room Admin,31,In
2018-10-22 06:11:00,19953,Room Admin,31,In
2018-10-22 06:14:00,19952,Room Admin,31,In
2018-10-22 06:43:00,19946,Room Admin,31,In
2018-10-22 06:45:00,19944,Room Admin,31,In
2018-10-22 07:07:00,19935,Room Admin,31,In
2018-10-22 07:23:00,19930,Room Admin,31,In
2018-10-22 07:45:00,19924,Room Admin,31,In
2018-10-22 08:07:00,19918,Room Admin,31,In
2018-10-22 08:27:00,19914,Room Admin,31,In
2018-10-22 08:41:00,19909,Room Admin,31,In
2018-10-22 08:57:00,19906,Room Admin,30,In
2018-10-22 08:59:00,19904,Room Admin,31,In
2018-10-22 09:52:00,19894,Room Admin,31,In
2018-10-22 09:54:00,19892,Room Admin,31,In
2018-10-22 10:02:00,19889,Room Admin,31,In
2018-10-22 10:06:00,19887,Room Admin,31,In
2018-10-22 10:16:00,19885,Room Admin,31,In
2018-10-22 10:34:00,19882,Room Admin,30,In
2018-10-22 10:36:00,19881,Room Admin,31,In
2018-10-22 10:46:00,19878,Room Admin,31,In
2018-10-22 11:02:00,19877,Room Admin,30,In
2018-10-22 11:04:00,19876,Room Admin,31,In
2018-10-22 11:17:00,19875,Room Admin,31,In
2018-10-22 11:19:00,19874,Room Admin,31,In
2018-10-22 11:27:00,19871,Room Admin,31,In
2018-10-22 11:37:00,19870,Room Admin,31,In
2018-10-22 11:42:00,19869,Room Admin,31,In
2018-10-22 11:52:00,19867,Room Admin,31,In
2018-10-22 11:54:00,19866,Room Admin,31,In
2018-10-22 11:56:00,19865,Room Admin,31,In
2018-10-22 11:59:00,19864,Room Admin,31,In
2018-10-22 12:05:00,19863,Room Admin,31,In
2018-10-22 12:09:00,19861,Room Admin,31,In
2018-10-22 12:14:00,19859,Room Admin,31,In
2018-10-22 12:17:00,19858,Room Admin,31,In
2018-10-22 12:23:00,19857,Room Admin,31,In
2018-10-22 12:25:00,19856,Room Admin,31,In
2018-10-22 12:27:00,19855,Room Admin,30,In
2018-10-22 12:32:00,19854,Room Admin,30,In
2018-10-22 12:50:00,19852,Room Admin,31,In
2018-10-22 12:58:00,19851,Room Admin,32,In
2018-10-22 13:48:00,19844,Room Admin,33,In
2018-10-22 13:50:00,19842,Room Admin,32,In
2018-10-22 13:56:00,19839,Room Admin,33,In
2018-10-22 14:16:00,19834,Room Admin,33,In
2018-10-22 15:12:00,19818,Room Admin,33,In
2018-10-22 16:05:00,19804,Room Admin,33,In
2018-10-22 17:23:00,19784,Room Admin,33,In
2018-10-22 17:25:00,19783,Room Admin,33,In
2018-10-22 17:27:00,19782,Room Admin,33,In
2018-10-22 17:35:00,19779,Room Admin,33,In
2018-10-22 17:37:00,19778,Room Admin,33,In
2018-10-22 17:39:00,19777,Room Admin,33,In
2018-10-22 17:41:00,19776,Room Admin,33,In
2018-10-22 17:53:00,19771,Room Admin,33,In
2018-10-22 17:55:00,19770,Room Admin,33,In
2018-10-22 17:59:00,19768,Room Admin,33,In
2018-10-22 18:11:00,19764,Room Admin,34,In
2018-10-22 18:13:00,19762,Room Admin,33,In
2018-10-22 18:53:00,19749,Room Admin,34,In
2018-10-22 18:55:00,19748,Room Admin,33,In
2018-10-22 18:57:00,19747,Room Admin,34,In
2018-10-22 18:59:00,19745,Room Admin,33,In
2018-10-22 19:03:00,19742,Room Admin,34,In
2018-10-22 19:05:00,19740,Room Admin,33,In
2018-10-22 19:37:00,19731,Room Admin,33,In
2018-10-22 19:45:00,19727,Room Admin,34,In
2018-10-22 19:47:00,19725,Room Admin,33,In
2018-10-22 19:51:00,19724,Room Admin,34,In
2018-10-22 19:55:00,19723,Room Admin,33,In
2018-10-22 19:59:00,19722,Room Admin,34,In
2018-10-22 20:01:00,19721,Room Admin,33,In
2018-10-22 20:07:00,19718,Room Admin,33,In
2018-10-22 20:11:00,19717,Room Admin,34,In
2018-10-22 20:13:00,19716,Room Admin,33,In
2018-10-22 20:17:00,19715,Room Admin,34,In
2018-10-22 20:19:00,19714,Room Admin,33,In
2018-10-22 20:21:00,19713,Room Admin,34,In
2018-10-22 20:23:00,19711,Room Admin,33,In
2018-10-22 20:29:00,19708,Room Admin,34,In
2018-10-22 20:31:00,19706,Room Admin,33,In
2018-10-22 20:43:00,19702,Room Admin,34,In
2018-10-22 20:47:00,19700,Room Admin,33,In
2018-10-22 20:49:00,19698,Room Admin,34,In
2018-10-22 20:51:00,19696,Room Admin,33,In
2018-10-22 20:57:00,19693,Room Admin,34,In
2018-10-22 20:59:00,19692,Room Admin,33,In
2018-10-22 21:03:00,19690,Room Admin,34,In
2018-10-22 21:05:00,19689,Room Admin,33,In
2018-10-22 21:13:00,19688,Room Admin,34,In
2018-10-22 21:17:00,19686,Room Admin,33,In
2018-10-22 21:23:00,19683,Room Admin,34,In
2018-10-22 21:25:00,19681,Room Admin,33,In
2018-10-22 21:27:00,19680,Room Admin,34,In
2018-10-22 21:29:00,19679,Room Admin,33,In
2018-10-22 21:31:00,19677,Room Admin,33,In
2018-10-22 21:33:00,19676,Room Admin,33,In
2018-10-22 21:35:00,19674,Room Admin,33,In
2018-10-22 21:37:00,19673,Room Admin,34,In
2018-10-22 21:39:00,19672,Room Admin,33,In
2018-10-22 21:41:00,19671,Room Admin,34,In
2018-10-22 21:43:00,19669,Room Admin,33,In
2018-10-22 21:47:00,19667,Room Admin,34,In
2018-10-22 21:49:00,19665,Room Admin,33,In
2018-10-22 21:53:00,19664,Room Admin,34,In
2018-10-22 21:55:00,19663,Room Admin,33,In
2018-10-22 21:57:00,19662,Room Admin,33,In
2018-10-22 21:59:00,19660,Room Admin,33,In
2018-10-22 22:01:00,19659,Room Admin,34,In
2018-10-22 22:07:00,19658,Room Admin,34,In
2018-10-22 22:09:00,19657,Room Admin,33,In
2018-10-22 22:11:00,19656,Room Admin,33,In
2018-10-22 22:13:00,19655,Room Admin,34,In
2018-10-22 22:23:00,19651,Room Admin,33,In
2018-10-22 22:25:00,19650,Room Admin,34,In
2018-10-22 22:29:00,19647,Room Admin,33,In
2018-10-22 22:35:00,19644,Room Admin,34,In
2018-10-22 22:37:00,19643,Room Admin,33,In
2018-10-22 22:39:00,19641,Room Admin,34,In
2018-10-22 22:47:00,19639,Room Admin,33,In
2018-10-22 22:49:00,19638,Room Admin,33,In
2018-10-22 22:57:00,19634,Room Admin,33,In
2018-10-22 22:59:00,19633,Room Admin,34,In
2018-10-22 23:03:00,19631,Room Admin,34,In
2018-10-22 23:05:00,19630,Room Admin,33,In
2018-10-22 23:07:00,19629,Room Admin,33,In
2018-10-22 23:15:00,19628,Room Admin,34,In
2018-10-22 23:21:00,19627,Room Admin,33,In
2018-10-22 23:25:00,19626,Room Admin,34,In
2018-10-22 23:27:00,19624,Room Admin,33,In
2018-10-22 23:31:00,19622,Room Admin,34,In
2018-10-22 23:33:00,19620,Room Admin,33,In
2018-10-22 23:37:00,19617,Room Admin,34,In
2018-10-22 23:39:00,19616,Room Admin,33,In
2018-10-22 23:47:00,19613,Room Admin,34,In
2018-10-22 23:53:00,19611,Room Admin,33,In
2018-10-22 23:55:00,19609,Room Admin,34,In
2018-10-22 23:57:00,19608,Room Admin,33,In
2018-10-23 00:01:00,19606,Room Admin,34,In
2018-10-23 00:05:00,19604,Room Admin,33,In
2018-10-23 00:07:00,19603,Room Admin,34,In
2018-10-23 00:09:00,19602,Room Admin,33,In
2018-10-23 00:18:00,19599,Room Admin,34,In
2018-10-23 00:24:00,19596,Room Admin,33,In
2018-10-23 00:26:00,19594,Room Admin,34,In
2018-10-23 00:28:00,19592,Room Admin,33,In
2018-10-23 00:34:00,19589,Room Admin,34,In
2018-10-23 00:36:00,19588,Room Admin,33,In
2018-10-23 00:38:00,19587,Room Admin,34,In
2018-10-23 00:40:00,19585,Room Admin,33,In
2018-10-23 00:44:00,19582,Room Admin,34,In
2018-10-23 00:46:00,19581,Room Admin,33,In
2018-10-23 00:48:00,19579,Room Admin,34,In
2018-10-23 00:54:00,19575,Room Admin,33,In
2018-10-23 00:58:00,19572,Room Admin,34,In
2018-10-23 01:02:00,19569,Room Admin,33,In
2018-10-23 01:20:00,19561,Room Admin,34,In
2018-10-23 01:22:00,19560,Room Admin,33,In
2018-10-23 01:50:00,19550,Room Admin,33,In
2018-10-23 01:58:00,19548,Room Admin,33,In
2018-10-23 02:18:00,19540,Room Admin,33,In
2018-10-23 02:26:00,19537,Room Admin,33,In
2018-10-23 02:28:00,19535,Room Admin,33,In
2018-10-23 02:30:00,19533,Room Admin,33,In
2018-10-23 02:32:00,19531,Room Admin,33,In
2018-10-23 02:36:00,19528,Room Admin,33,In
2018-10-23 02:42:00,19524,Room Admin,33,In
2018-10-23 02:50:00,19521,Room Admin,33,In
2018-10-23 02:54:00,19518,Room Admin,32,In
2018-10-23 02:56:00,19516,Room Admin,32,In
2018-10-23 03:06:00,19510,Room Admin,31,In
2018-10-23 03:20:00,19502,Room Admin,31,In
2018-10-23 03:22:00,19500,Room Admin,31,In
2018-10-23 03:26:00,19497,Room Admin,30,In
2018-10-23 03:30:00,19494,Room Admin,30,In
2018-10-23 03:32:00,19492,Room Admin,30,In
2018-10-23 03:34:00,19490,Room Admin,30,In
2018-10-23 03:40:00,19485,Room Admin,30,In
2018-10-23 03:48:00,19480,Room Admin,30,In
2018-10-23 03:56:00,19476,Room Admin,30,In
2018-10-23 04:10:00,19468,Room Admin,30,In
2018-10-23 04:18:00,19463,Room Admin,30,In
2018-10-23 04:21:00,19461,Room Admin,30,In
2018-10-23 04:25:00,19458,Room Admin,30,In
2018-10-23 04:30:00,19455,Room Admin,30,In
2018-10-23 04:34:00,19452,Room Admin,30,In
2018-10-23 04:45:00,19447,Room Admin,30,In
2018-10-23 04:53:00,19444,Room Admin,30,In
2018-10-23 04:57:00,19441,Room Admin,30,In
2018-10-23 05:07:00,19435,Room Admin,30,In
2018-10-23 05:10:00,19433,Room Admin,30,In
2018-10-23 05:28:00,19426,Room Admin,30,In
2018-10-23 05:59:00,19414,Room Admin,30,In
2018-10-23 06:03:00,19412,Room Admin,30,In
2018-10-23 06:13:00,19408,Room Admin,30,In
2018-10-23 06:26:00,19403,Room Admin,30,In
2018-10-23 06:33:00,19399,Room Admin,30,In
2018-10-23 06:36:00,19398,Room Admin,30,In
2018-10-23 06:45:00,19394,Room Admin,30,In
2018-10-23 06:54:00,19390,Room Admin,30,In
2018-10-23 07:00:00,19387,Room Admin,30,In
2018-10-23 07:07:00,19384,Room Admin,30,In
2018-10-23 07:16:00,19381,Room Admin,30,In
2018-10-23 07:20:00,19379,Room Admin,30,In
2018-10-23 07:22:00,19377,Room Admin,31,In
2018-10-23 07:27:00,19376,Room Admin,31,In
2018-10-23 07:31:00,19374,Room Admin,31,In
2018-10-23 07:36:00,19372,Room Admin,31,In
2018-10-23 07:40:00,19370,Room Admin,31,In
2018-10-23 07:49:00,19367,Room Admin,31,In
2018-10-23 07:54:00,19365,Room Admin,31,In
2018-10-23 07:58:00,19362,Room Admin,31,In
2018-10-23 08:02:00,19359,Room Admin,31,In
2018-10-23 08:07:00,19357,Room Admin,31,In
2018-10-23 08:11:00,19356,Room Admin,31,In
2018-10-23 08:15:00,19353,Room Admin,31,In
2018-10-23 08:19:00,19352,Room Admin,31,In
2018-10-23 08:22:00,19351,Room Admin,31,In
2018-10-23 08:31:00,19350,Room Admin,31,In
2018-10-23 08:40:00,19345,Room Admin,31,In
2018-10-23 08:44:00,19344,Room Admin,31,In
2018-10-23 08:57:00,19338,Room Admin,31,In
2018-10-23 09:04:00,19336,Room Admin,31,In
2018-10-23 09:06:00,19334,Room Admin,31,In
2018-10-23 09:11:00,19331,Room Admin,31,In
2018-10-23 09:14:00,19329,Room Admin,31,In
2018-10-23 09:16:00,19327,Room Admin,31,In
2018-10-23 09:18:00,19326,Room Admin,31,In
2018-10-23 09:31:00,19325,Room Admin,31,In
2018-10-23 09:41:00,19321,Room Admin,31,In
2018-10-23 09:51:00,19318,Room Admin,31,In
2018-10-23 09:54:00,19316,Room Admin,31,In
2018-10-23 09:56:00,19315,Room Admin,31,In
2018-10-23 10:00:00,19314,Room Admin,31,In
2018-10-23 10:09:00,19312,Room Admin,31,In
2018-10-23 10:12:00,19311,Room Admin,31,In
2018-10-23 10:21:00,19308,Room Admin,31,In
2018-10-23 10:28:00,19306,Room Admin,31,In
2018-10-23 10:34:00,19305,Room Admin,31,In
2018-10-23 10:39:00,19304,Room Admin,31,In
2018-10-23 10:47:00,19303,Room Admin,31,In
2018-10-23 10:52:00,19302,Room Admin,31,In
2018-10-23 10:56:00,19300,Room Admin,31,In
2018-10-23 11:00:00,19298,Room Admin,31,In
2018-10-23 11:15:00,19295,Room Admin,31,In
2018-10-23 11:22:00,19293,Room Admin,31,In
2018-10-23 11:33:00,19291,Room Admin,31,In
2018-10-23 11:35:00,19290,Room Admin,31,In
2018-10-23 11:38:00,19288,Room Admin,30,In
2018-10-23 11:41:00,19287,Room Admin,31,In
2018-10-23 11:52:00,19285,Room Admin,31,In
2018-10-23 12:05:00,19280,Room Admin,31,In
2018-10-23 12:07:00,19279,Room Admin,30,In
2018-10-23 12:09:00,19278,Room Admin,31,In
2018-10-23 12:13:00,19275,Room Admin,31,In
2018-10-23 12:19:00,19272,Room Admin,30,In
2018-10-23 12:29:00,19270,Room Admin,30,In
2018-10-23 12:31:00,19269,Room Admin,30,In
2018-10-23 12:33:00,19268,Room Admin,30,In
2018-10-23 12:39:00,19267,Room Admin,30,In
2018-10-23 12:45:00,19264,Room Admin,31,In
2018-10-23 13:03:00,19261,Room Admin,31,In
2018-10-23 13:05:00,19260,Room Admin,32,In
2018-10-23 14:09:00,19246,Room Admin,33,In
2018-10-23 14:11:00,19244,Room Admin,32,In
2018-10-23 14:13:00,19242,Room Admin,33,In
2018-10-23 14:19:00,19238,Room Admin,32,In
2018-10-23 14:27:00,19234,Room Admin,33,In
2018-10-23 14:35:00,19232,Room Admin,32,In
2018-10-23 14:37:00,19231,Room Admin,33,In
2018-10-23 15:57:00,19214,Room Admin,33,In
2018-10-23 15:59:00,19212,Room Admin,33,In
2018-10-23 16:05:00,19209,Room Admin,33,In
2018-10-23 16:07:00,19208,Room Admin,33,In
2018-10-23 16:09:00,19206,Room Admin,33,In
2018-10-23 16:17:00,19202,Room Admin,33,In
2018-10-23 16:19:00,19200,Room Admin,33,In
2018-10-23 16:25:00,19198,Room Admin,33,In
2018-10-23 16:27:00,19197,Room Admin,33,In
2018-10-23 16:29:00,19195,Room Admin,33,In
2018-10-23 16:33:00,19193,Room Admin,33,In
2018-10-23 16:35:00,19192,Room Admin,33,In
2018-10-23 18:41:00,19173,Room Admin,33,In
2018-10-23 18:45:00,19172,Room Admin,33,In
2018-10-23 18:47:00,19171,Room Admin,33,In
2018-10-23 19:54:00,19150,Room Admin,34,In
2018-10-23 19:56:00,19149,Room Admin,33,In
2018-10-24 07:15:00,19099,Room Admin,31,In
2018-10-24 07:15:00,19098,Room Admin,31,In
2018-10-24 07:17:00,19095,Room Admin,31,In
2018-10-24 07:17:00,19094,Room Admin,31,In
2018-10-24 07:24:00,19091,Room Admin,31,In
2018-10-24 07:24:00,19090,Room Admin,31,In
2018-10-24 07:26:00,19087,Room Admin,31,In
2018-10-24 07:27:00,19086,Room Admin,31,In
2018-10-24 07:39:00,19077,Room Admin,31,In
2018-10-24 07:43:00,19072,Room Admin,31,In
2018-10-24 07:43:00,19071,Room Admin,31,In
2018-10-24 07:52:00,19066,Room Admin,31,In
2018-10-24 07:59:00,19059,Room Admin,31,In
2018-10-24 07:59:00,19058,Room Admin,31,In
2018-10-24 08:01:00,19057,Room Admin,31,In
2018-10-24 08:01:00,19056,Room Admin,31,In
2018-10-24 08:03:00,19054,Room Admin,31,In
2018-10-24 08:03:00,19053,Room Admin,31,In
2018-10-24 08:08:00,19050,Room Admin,31,In
2018-10-24 08:08:00,19049,Room Admin,31,In
2018-10-24 08:18:00,19048,Room Admin,31,In
2018-10-24 08:18:00,19047,Room Admin,31,In
2018-10-24 08:22:00,19045,Room Admin,31,In
2018-10-24 08:22:00,19046,Room Admin,31,In
2018-10-24 08:24:00,19044,Room Admin,30,In
2018-10-24 08:24:00,19043,Room Admin,30,In
2018-10-24 08:26:00,19042,Room Admin,31,In
2018-10-24 08:28:00,19039,Room Admin,31,In
2018-10-24 08:28:00,19038,Room Admin,31,In
2018-10-24 08:40:00,19037,Room Admin,31,In
2018-10-24 08:42:00,19036,Room Admin,31,In
2018-10-24 08:42:00,19035,Room Admin,31,In
2018-10-24 08:44:00,19034,Room Admin,31,In
2018-10-24 08:44:00,19033,Room Admin,31,In
2018-10-24 09:14:00,19026,Room Admin,31,In
2018-10-24 09:14:00,19025,Room Admin,31,In
2018-10-24 09:30:00,19018,Room Admin,30,In
2018-10-24 09:30:00,19017,Room Admin,30,In
2018-10-24 09:44:00,19010,Room Admin,30,In
2018-10-24 09:45:00,19009,Room Admin,30,In
2018-10-24 10:58:00,18980,Room Admin,31,In
2018-10-24 10:58:00,18981,Room Admin,31,In
2018-10-24 11:00:00,18979,Room Admin,30,In
2018-10-24 11:00:00,18978,Room Admin,30,In
2018-10-24 11:02:00,18977,Room Admin,31,In
2018-10-24 11:02:00,18976,Room Admin,31,In
2018-10-24 11:51:00,18965,Room Admin,31,In
2018-10-24 11:51:00,18964,Room Admin,31,In
2018-10-24 11:53:00,18961,Room Admin,30,In
2018-10-24 11:53:00,18960,Room Admin,30,In
2018-10-24 11:55:00,18959,Room Admin,31,In
2018-10-24 11:55:00,18958,Room Admin,31,In
2018-10-24 11:57:00,18957,Room Admin,30,In
2018-10-24 11:57:00,18956,Room Admin,30,In
2018-10-24 11:59:00,18955,Room Admin,31,In
2018-10-24 11:59:00,18954,Room Admin,31,In
2018-10-24 12:01:00,18953,Room Admin,30,In
2018-10-24 12:01:00,18952,Room Admin,30,In
2018-10-24 12:07:00,18951,Room Admin,30,In
2018-10-24 12:07:00,18950,Room Admin,30,In
2018-10-24 12:09:00,18949,Room Admin,31,In
2018-10-24 12:09:00,18948,Room Admin,31,In
2018-10-24 12:17:00,18947,Room Admin,31,In
2018-10-24 12:17:00,18946,Room Admin,31,In
2018-10-24 12:19:00,18945,Room Admin,31,In
2018-10-24 12:19:00,18944,Room Admin,31,In
2018-10-24 12:21:00,18943,Room Admin,31,In
2018-10-24 12:21:00,18942,Room Admin,31,In
2018-10-24 12:31:00,18939,Room Admin,32,In
2018-10-24 12:31:00,18938,Room Admin,32,In
2018-10-24 13:09:00,18932,Room Admin,32,In
2018-10-24 13:09:00,18933,Room Admin,32,In
2018-10-24 13:23:00,18931,Room Admin,32,In
2018-10-24 13:23:00,18930,Room Admin,32,In
2018-10-24 13:29:00,18928,Room Admin,32,In
2018-10-24 13:29:00,18929,Room Admin,32,In
2018-10-24 13:31:00,18927,Room Admin,33,In
2018-10-24 13:31:00,18926,Room Admin,33,In
2018-10-24 13:37:00,18924,Room Admin,32,In
2018-10-24 13:37:00,18925,Room Admin,32,In
2018-10-24 13:39:00,18922,Room Admin,33,In
2018-10-24 13:39:00,18923,Room Admin,33,In
2018-10-24 14:05:00,18907,Room Admin,33,In
2018-10-24 14:05:00,18906,Room Admin,33,In
2018-10-24 14:07:00,18904,Room Admin,33,In
2018-10-24 14:07:00,18905,Room Admin,33,In
2018-10-24 14:11:00,18901,Room Admin,33,In
2018-10-24 14:11:00,18900,Room Admin,33,In
2018-10-24 14:17:00,18895,Room Admin,33,In
2018-10-24 14:17:00,18894,Room Admin,33,In
2018-10-24 14:19:00,18892,Room Admin,33,In
2018-10-24 14:19:00,18893,Room Admin,33,In
2018-10-25 06:05:00,18843,Room Admin,30,In
2018-10-25 06:15:00,18840,Room Admin,30,In
2018-10-25 06:17:00,18839,Room Admin,28,In
2018-10-25 06:20:00,18838,Room Admin,30,In
2018-10-25 06:20:00,18837,Room Admin,28,In
2018-10-25 06:24:00,18835,Room Admin,30,In
2018-10-25 06:24:00,18834,Room Admin,29,In
2018-10-25 06:30:00,18831,Room Admin,29,In
2018-10-25 06:30:00,18830,Room Admin,29,In
2018-10-25 06:30:00,18829,Room Admin,29,In
2018-10-25 06:31:00,18823,Room Admin,29,In
2018-10-25 06:31:00,18826,Room Admin,29,In
2018-10-25 06:31:00,18824,Room Admin,29,In
2018-10-25 06:31:00,18828,Room Admin,29,In
2018-10-25 06:31:00,18825,Room Admin,29,In
2018-10-25 06:31:00,18827,Room Admin,29,In
2018-10-25 06:32:00,18821,Room Admin,29,In
2018-10-25 06:32:00,18820,Room Admin,29,In
2018-10-25 06:34:00,18819,Room Admin,29,In
2018-10-25 06:35:00,18816,Room Admin,29,In
2018-10-25 06:35:00,18818,Room Admin,29,In
2018-10-25 06:35:00,18817,Room Admin,30,In
2018-10-25 06:37:00,18814,Room Admin,30,In
2018-10-25 06:37:00,18813,Room Admin,28,In
2018-10-25 06:37:00,18812,Room Admin,28,In
2018-10-25 06:37:00,18811,Room Admin,28,In
2018-10-25 06:37:00,18810,Room Admin,28,In
2018-10-25 06:38:00,18808,Room Admin,28,In
2018-10-25 06:39:00,18807,Room Admin,28,In
2018-10-25 06:41:00,18806,Room Admin,28,In
2018-10-25 06:43:00,18804,Room Admin,28,In
2018-10-25 06:44:00,18801,Room Admin,28,In
2018-10-25 06:44:00,18800,Room Admin,28,In
2018-10-25 06:44:00,18802,Room Admin,28,In
2018-10-25 06:46:00,18799,Room Admin,30,In
2018-10-25 06:48:00,18797,Room Admin,28,In
2018-10-25 06:49:00,18795,Room Admin,28,In
2018-10-25 06:49:00,18794,Room Admin,28,In
2018-10-25 06:50:00,18793,Room Admin,30,In
2018-10-25 06:52:00,18791,Room Admin,28,In
2018-10-25 06:53:00,18789,Room Admin,28,In
2018-10-25 06:54:00,18788,Room Admin,28,In
2018-10-25 06:54:00,18787,Room Admin,30,In
2018-10-25 06:56:00,18786,Room Admin,28,In
2018-10-25 06:56:00,18785,Room Admin,31,In
2018-10-25 06:57:00,18784,Room Admin,28,In
2018-10-25 06:58:00,18781,Room Admin,28,In
2018-10-25 06:58:00,18783,Room Admin,28,In
2018-10-25 06:58:00,18782,Room Admin,28,In
2018-10-25 07:00:00,18780,Room Admin,28,In
2018-10-25 07:01:00,18779,Room Admin,31,In
2018-10-25 07:02:00,18778,Room Admin,28,In
2018-10-25 07:03:00,18776,Room Admin,28,In
2018-10-25 07:03:00,18775,Room Admin,31,In
2018-10-25 07:04:00,18774,Room Admin,28,In
2018-10-25 07:07:00,18772,Room Admin,28,In
2018-10-25 07:10:00,18771,Room Admin,28,In
2018-10-25 07:11:00,18769,Room Admin,29,In
2018-10-25 07:11:00,18768,Room Admin,30,In
2018-10-25 07:12:00,18767,Room Admin,29,In
2018-10-25 07:12:00,18766,Room Admin,29,In
2018-10-25 07:13:00,18764,Room Admin,28,In
2018-10-25 07:13:00,18763,Room Admin,29,In
2018-10-25 07:16:00,18760,Room Admin,31,In
2018-10-25 07:20:00,18757,Room Admin,29,In
2018-10-25 07:21:00,18754,Room Admin,29,In
2018-10-25 07:21:00,18756,Room Admin,31,In
2018-10-25 07:27:00,18749,Room Admin,31,In
2018-10-25 07:30:00,18746,Room Admin,31,In
2018-10-25 07:32:00,18744,Room Admin,29,In
2018-10-25 07:35:00,18741,Room Admin,29,In
2018-10-25 07:37:00,18740,Room Admin,29,In
2018-10-25 07:41:00,18739,Room Admin,29,In
2018-10-25 07:45:00,18737,Room Admin,31,In
2018-10-25 07:45:00,18736,Room Admin,29,In
2018-10-25 07:47:00,18735,Room Admin,29,In
2018-10-25 07:47:00,18734,Room Admin,29,In
2018-10-25 07:48:00,18732,Room Admin,29,In
2018-10-25 07:48:00,18733,Room Admin,29,In
2018-10-25 07:49:00,18731,Room Admin,29,In
2018-10-25 07:51:00,18730,Room Admin,29,In
2018-10-25 07:51:00,18728,Room Admin,29,In
2018-10-25 07:52:00,18727,Room Admin,29,In
2018-10-25 07:52:00,18726,Room Admin,29,In
2018-10-25 07:52:00,18725,Room Admin,31,In
2018-10-25 07:53:00,18723,Room Admin,29,In
2018-10-25 07:53:00,18724,Room Admin,29,In
2018-10-25 07:54:00,18722,Room Admin,29,In
2018-10-25 07:58:00,18719,Room Admin,31,In
2018-10-25 08:01:00,18715,Room Admin,31,In
2018-10-25 08:01:00,18714,Room Admin,28,In
2018-10-25 08:01:00,18716,Room Admin,28,In
2018-10-25 08:02:00,18713,Room Admin,28,In
2018-10-25 08:03:00,18712,Room Admin,28,In
2018-10-25 08:04:00,18711,Room Admin,28,In
2018-10-25 08:05:00,18710,Room Admin,31,In
2018-10-25 08:06:00,18709,Room Admin,28,In
2018-10-25 08:06:00,18708,Room Admin,28,In
2018-10-25 08:07:00,18707,Room Admin,28,In
2018-10-25 08:07:00,18706,Room Admin,31,In
2018-10-25 08:07:00,18705,Room Admin,28,In
2018-10-25 08:08:00,18704,Room Admin,28,In
2018-10-25 08:08:00,18703,Room Admin,28,In
2018-10-25 08:09:00,18702,Room Admin,28,In
2018-10-25 08:11:00,18699,Room Admin,31,In
2018-10-25 08:14:00,18697,Room Admin,28,In
2018-10-25 08:15:00,18695,Room Admin,28,In
2018-10-25 08:16:00,18694,Room Admin,28,In
2018-10-25 08:17:00,18692,Room Admin,28,In
2018-10-25 08:20:00,18691,Room Admin,28,In
2018-10-25 08:21:00,18689,Room Admin,28,In
2018-10-25 08:21:00,18688,Room Admin,28,In
2018-10-25 08:28:00,18683,Room Admin,28,In
2018-10-25 08:29:00,18681,Room Admin,28,In
2018-10-25 08:30:00,18680,Room Admin,31,In
2018-10-25 08:34:00,18676,Room Admin,28,In
2018-10-25 08:34:00,18675,Room Admin,28,In
2018-10-25 08:36:00,18674,Room Admin,28,In
2018-10-25 08:42:00,18673,Room Admin,30,In
2018-10-25 08:44:00,18671,Room Admin,31,In
2018-10-25 08:52:00,18668,Room Admin,28,In
2018-10-25 08:53:00,18667,Room Admin,28,In
2018-10-25 08:55:00,18666,Room Admin,28,In
2018-10-25 09:04:00,18663,Room Admin,31,In
2018-10-25 09:06:00,18662,Room Admin,31,In
2018-10-25 09:06:00,18661,Room Admin,28,In
2018-10-25 09:07:00,18660,Room Admin,28,In
2018-10-25 09:07:00,18659,Room Admin,28,In
2018-10-25 09:08:00,18658,Room Admin,31,In
2018-10-25 09:10:00,18657,Room Admin,31,In
2018-10-25 09:12:00,18655,Room Admin,28,In
2018-10-25 09:12:00,18654,Room Admin,28,In
2018-10-25 09:19:00,18652,Room Admin,28,In
2018-10-25 09:20:00,18650,Room Admin,28,In
2018-10-25 09:21:00,18649,Room Admin,28,In
2018-10-25 09:22:00,18647,Room Admin,31,In
2018-10-25 09:24:00,18646,Room Admin,28,In
2018-10-25 09:27:00,18645,Room Admin,28,In
2018-10-25 09:29:00,18644,Room Admin,28,In
2018-10-25 09:34:00,18643,Room Admin,28,In
2018-10-25 09:34:00,18642,Room Admin,28,In
2018-10-25 09:35:00,18641,Room Admin,28,In
2018-10-25 09:39:00,18640,Room Admin,28,In
2018-10-25 09:41:00,18639,Room Admin,29,In
2018-10-25 09:41:00,18638,Room Admin,29,In
2018-10-25 09:41:00,18637,Room Admin,29,In
2018-10-25 09:42:00,18636,Room Admin,29,In
2018-10-25 09:42:00,18635,Room Admin,29,In
2018-10-25 09:43:00,18634,Room Admin,29,In
2018-10-25 09:45:00,18633,Room Admin,29,In
2018-10-25 09:48:00,18632,Room Admin,29,In
2018-10-25 09:49:00,18629,Room Admin,29,In
2018-10-25 09:49:00,18630,Room Admin,29,In
2018-10-25 09:49:00,18631,Room Admin,29,In
2018-10-25 12:19:00,18627,Room Admin,28,In
2018-10-25 12:19:00,18626,Room Admin,28,In
2018-10-25 12:26:00,18624,Room Admin,28,In
2018-10-25 12:30:00,18623,Room Admin,28,In
2018-10-25 12:30:00,18622,Room Admin,28,In
2018-10-25 12:35:00,18620,Room Admin,31,In
2018-10-25 12:35:00,18619,Room Admin,28,In
2018-10-25 12:37:00,18617,Room Admin,31,In
2018-10-25 12:38:00,18616,Room Admin,29,In
2018-10-25 12:51:00,18614,Room Admin,29,In
2018-10-25 12:51:00,18613,Room Admin,30,In
2018-10-25 12:53:00,18611,Room Admin,30,In
2018-10-25 12:54:00,18610,Room Admin,30,In
2018-10-25 12:56:00,18609,Room Admin,30,In
2018-10-25 12:58:00,18608,Room Admin,30,In
2018-10-25 13:01:00,18606,Room Admin,30,In
2018-10-25 13:10:00,18603,Room Admin,30,In
2018-10-25 13:14:00,18602,Room Admin,32,In
2018-10-25 13:14:00,18601,Room Admin,30,In
2018-10-25 13:21:00,18598,Room Admin,30,In
2018-10-25 13:22:00,18596,Room Admin,30,In
2018-10-25 13:26:00,18594,Room Admin,30,In
2018-10-25 13:27:00,18593,Room Admin,30,In
2018-10-25 13:30:00,18591,Room Admin,30,In
2018-10-25 13:31:00,18590,Room Admin,30,In
2018-10-25 13:33:00,18589,Room Admin,30,In
2018-10-25 13:35:00,18588,Room Admin,30,In
2018-10-25 13:36:00,18587,Room Admin,32,In
2018-10-25 13:41:00,18585,Room Admin,30,In
2018-10-25 13:41:00,18584,Room Admin,30,In
2018-10-25 13:44:00,18583,Room Admin,30,In
2018-10-25 13:45:00,18582,Room Admin,30,In
2018-10-25 13:52:00,18579,Room Admin,30,In
2018-10-25 13:58:00,18576,Room Admin,30,In
2018-10-25 14:00:00,18574,Room Admin,32,In
2018-10-25 14:02:00,18573,Room Admin,31,In
2018-10-25 14:03:00,18571,Room Admin,30,In
2018-10-25 14:04:00,18570,Room Admin,30,In
2018-10-25 14:04:00,18569,Room Admin,32,In
2018-10-25 14:06:00,18567,Room Admin,30,In
2018-10-25 14:06:00,18566,Room Admin,32,In
2018-10-25 14:07:00,18565,Room Admin,30,In
2018-10-25 14:11:00,18564,Room Admin,31,In
2018-10-25 14:11:00,18563,Room Admin,30,In
2018-10-25 14:12:00,18560,Room Admin,32,In
2018-10-25 14:13:00,18559,Room Admin,30,In
2018-10-25 14:16:00,18558,Room Admin,32,In
2018-10-25 14:18:00,18556,Room Admin,32,In
2018-10-25 14:23:00,18554,Room Admin,30,In
2018-10-25 14:24:00,18552,Room Admin,30,In
2018-10-25 14:24:00,18551,Room Admin,32,In
2018-10-25 14:31:00,18549,Room Admin,31,In
2018-10-25 14:34:00,18548,Room Admin,31,In
2018-10-25 14:37:00,18546,Room Admin,31,In
2018-10-25 14:43:00,18544,Room Admin,31,In
2018-10-25 14:44:00,18543,Room Admin,30,In
2018-10-25 14:50:00,18539,Room Admin,30,In
2018-10-25 14:59:00,18535,Room Admin,31,In
2018-10-25 15:03:00,18532,Room Admin,31,In
2018-10-25 15:03:00,18531,Room Admin,31,In
2018-10-25 15:14:00,18528,Room Admin,31,In
2018-10-25 15:15:00,18526,Room Admin,33,In
2018-10-25 15:19:00,18523,Room Admin,31,In
2018-10-25 15:20:00,18522,Room Admin,31,In
2018-10-25 15:24:00,18520,Room Admin,31,In
2018-10-25 15:31:00,18518,Room Admin,31,In
2018-10-25 15:35:00,18516,Room Admin,33,In
2018-10-25 15:37:00,18515,Room Admin,33,In
2018-10-25 15:37:00,18514,Room Admin,31,In
2018-10-25 15:39:00,18513,Room Admin,33,In
2018-10-25 15:41:00,18511,Room Admin,33,In
2018-10-25 15:43:00,18510,Room Admin,33,In
2018-10-25 15:43:00,18509,Room Admin,32,In
2018-10-25 15:43:00,18508,Room Admin,32,In
2018-10-25 15:46:00,18506,Room Admin,31,In
2018-10-25 15:47:00,18505,Room Admin,31,In
2018-10-25 15:54:00,18503,Room Admin,32,In
2018-10-25 16:00:00,18500,Room Admin,32,In
2018-10-25 16:02:00,18498,Room Admin,32,In
2018-10-25 16:02:00,18497,Room Admin,32,In
2018-10-25 16:02:00,18495,Room Admin,32,In
2018-10-25 16:08:00,18492,Room Admin,32,In
2018-10-25 16:10:00,18490,Room Admin,31,In
2018-10-25 16:10:00,18491,Room Admin,32,In
2018-10-25 16:13:00,18489,Room Admin,32,In
2018-10-25 16:20:00,18486,Room Admin,31,In
2018-10-25 16:24:00,18484,Room Admin,32,In
2018-10-25 16:25:00,18482,Room Admin,32,In
2018-10-25 16:25:00,18483,Room Admin,32,In
2018-10-25 16:28:00,18480,Room Admin,32,In
2018-10-25 16:34:00,18476,Room Admin,32,In
2018-10-25 16:34:00,18477,Room Admin,32,In
2018-10-25 16:38:00,18474,Room Admin,32,In
2018-10-25 16:40:00,18472,Room Admin,32,In
2018-10-25 16:42:00,18470,Room Admin,33,In
2018-10-25 16:43:00,18469,Room Admin,32,In
2018-10-25 16:44:00,18467,Room Admin,32,In
2018-10-25 16:46:00,18465,Room Admin,32,In
2018-10-25 16:48:00,18464,Room Admin,33,In
2018-10-25 16:48:00,18463,Room Admin,32,In
2018-10-25 16:51:00,18461,Room Admin,32,In
2018-10-25 17:01:00,18457,Room Admin,32,In
2018-10-25 17:10:00,18453,Room Admin,32,In
2018-10-25 17:14:00,18449,Room Admin,33,In
2018-10-25 17:15:00,18448,Room Admin,32,In
2018-10-25 17:16:00,18447,Room Admin,32,In
2018-10-25 17:20:00,18445,Room Admin,32,In
2018-10-25 17:23:00,18444,Room Admin,32,In
2018-10-25 17:29:00,18440,Room Admin,32,In
2018-10-25 17:30:00,18439,Room Admin,32,In
2018-10-25 17:33:00,18438,Room Admin,32,In
2018-10-25 17:36:00,18435,Room Admin,33,In
2018-10-25 17:39:00,18433,Room Admin,32,In
2018-10-25 17:41:00,18432,Room Admin,32,In
2018-10-25 17:41:00,18430,Room Admin,32,In
2018-10-25 17:43:00,18429,Room Admin,32,In
2018-10-25 17:56:00,18422,Room Admin,32,In
2018-10-25 18:11:00,18418,Room Admin,32,In
2018-10-25 18:13:00,18417,Room Admin,32,In
2018-10-25 18:16:00,18416,Room Admin,32,In
2018-10-25 18:41:00,18408,Room Admin,33,In
2018-10-25 18:46:00,18405,Room Admin,32,In
2018-10-25 18:48:00,18404,Room Admin,32,In
2018-10-25 18:48:00,18403,Room Admin,32,In
2018-10-25 18:50:00,18402,Room Admin,32,In
2018-10-25 18:52:00,18400,Room Admin,32,In
2018-10-25 18:57:00,18397,Room Admin,32,In
2018-10-25 18:59:00,18395,Room Admin,33,In
2018-10-25 19:01:00,18394,Room Admin,32,In
2018-10-25 19:03:00,18393,Room Admin,32,In
2018-10-25 19:04:00,18392,Room Admin,32,In
2018-10-25 19:08:00,18389,Room Admin,32,In
2018-10-25 19:08:00,18390,Room Admin,32,In
2018-10-25 19:11:00,18386,Room Admin,32,In
2018-10-25 19:12:00,18385,Room Admin,32,In
2018-10-25 19:14:00,18383,Room Admin,32,In
2018-10-25 19:21:00,18378,Room Admin,32,In
2018-10-25 19:23:00,18376,Room Admin,32,In
2018-10-25 19:25:00,18375,Room Admin,32,In
2018-10-25 19:27:00,18374,Room Admin,32,In
2018-10-25 19:27:00,18373,Room Admin,32,In
2018-10-25 19:28:00,18371,Room Admin,32,In
2018-10-25 19:33:00,18370,Room Admin,32,In
2018-10-25 19:34:00,18367,Room Admin,32,In
2018-10-25 19:34:00,18369,Room Admin,32,In
2018-10-25 19:39:00,18365,Room Admin,32,In
2018-10-25 19:43:00,18362,Room Admin,32,In
2018-10-25 19:44:00,18361,Room Admin,32,In
2018-10-25 19:47:00,18358,Room Admin,32,In
2018-10-25 19:59:00,18352,Room Admin,32,In
2018-10-25 20:01:00,18350,Room Admin,32,In
2018-10-25 20:02:00,18349,Room Admin,32,In
2018-10-25 20:06:00,18347,Room Admin,33,In
2018-10-25 20:07:00,18346,Room Admin,32,In
2018-10-25 20:08:00,18345,Room Admin,33,In
2018-10-25 20:09:00,18343,Room Admin,32,In
2018-10-25 20:10:00,18342,Room Admin,33,In
2018-10-25 20:11:00,18341,Room Admin,32,In
2018-10-25 20:33:00,18332,Room Admin,32,In
2018-10-25 20:35:00,18330,Room Admin,32,In
2018-10-25 20:41:00,18326,Room Admin,32,In
2018-10-25 20:43:00,18325,Room Admin,31,In
2018-10-25 20:44:00,18324,Room Admin,32,In
2018-10-25 20:50:00,18321,Room Admin,32,In
2018-10-25 20:56:00,18320,Room Admin,32,In
2018-10-25 20:57:00,18319,Room Admin,32,In
2018-10-25 20:58:00,18318,Room Admin,32,In
2018-10-25 21:00:00,18315,Room Admin,33,In
2018-10-25 21:02:00,18313,Room Admin,32,In
2018-10-25 21:20:00,18306,Room Admin,32,In
2018-10-25 21:21:00,18305,Room Admin,32,In
2018-10-25 21:22:00,18303,Room Admin,32,In
2018-10-25 21:26:00,18300,Room Admin,32,In
2018-10-25 21:29:00,18298,Room Admin,32,In
2018-10-25 21:41:00,18291,Room Admin,32,In
2018-10-25 21:45:00,18288,Room Admin,32,In
2018-10-25 21:51:00,18284,Room Admin,32,In
2018-10-25 21:52:00,18283,Room Admin,32,In
2018-10-25 21:53:00,18281,Room Admin,32,In
2018-10-25 21:55:00,18279,Room Admin,32,In
2018-10-25 22:01:00,18277,Room Admin,32,In
2018-10-25 22:03:00,18275,Room Admin,32,In
2018-10-25 22:05:00,18273,Room Admin,33,In
2018-10-25 22:08:00,18271,Room Admin,33,In
2018-10-25 22:10:00,18269,Room Admin,33,In
2018-10-25 22:25:00,18263,Room Admin,33,In
2018-10-25 22:34:00,18261,Room Admin,33,In
2018-10-25 22:35:00,18260,Room Admin,32,In
2018-10-25 22:37:00,18259,Room Admin,32,In
2018-10-25 22:38:00,18258,Room Admin,33,In
2018-10-25 22:40:00,18255,Room Admin,32,In
2018-10-25 22:44:00,18253,Room Admin,32,In
2018-10-25 22:46:00,18251,Room Admin,32,In
2018-10-25 22:53:00,18248,Room Admin,32,In
2018-10-25 22:55:00,18246,Room Admin,32,In
2018-10-25 22:57:00,18244,Room Admin,32,In
2018-10-25 23:05:00,18240,Room Admin,32,In
2018-10-25 23:11:00,18238,Room Admin,32,In
2018-10-25 23:23:00,18233,Room Admin,32,In
2018-10-25 23:27:00,18231,Room Admin,32,In
2018-10-25 23:32:00,18229,Room Admin,32,In
2018-10-25 23:34:00,18227,Room Admin,32,In
2018-10-25 23:40:00,18225,Room Admin,32,In
2018-10-25 23:40:00,18223,Room Admin,32,In
2018-10-25 23:43:00,18222,Room Admin,32,In
2018-10-25 23:45:00,18221,Room Admin,32,In
2018-10-25 23:47:00,18220,Room Admin,32,In
2018-10-25 23:50:00,18218,Room Admin,32,In
2018-10-25 23:56:00,18215,Room Admin,33,In
2018-10-25 23:57:00,18214,Room Admin,32,In
2018-10-25 23:58:00,18212,Room Admin,32,In
2018-10-25 23:59:00,18211,Room Admin,33,In
2018-10-26 00:03:00,18208,Room Admin,33,In
2018-10-26 00:04:00,18207,Room Admin,32,In
2018-10-26 00:05:00,18206,Room Admin,32,In
2018-10-26 00:05:00,18205,Room Admin,32,In
2018-10-26 00:07:00,18203,Room Admin,32,In
2018-10-26 00:08:00,18202,Room Admin,32,In
2018-10-26 00:18:00,18197,Room Admin,32,In
2018-10-26 00:20:00,18195,Room Admin,32,In
2018-10-26 00:21:00,18194,Room Admin,32,In
2018-10-26 00:33:00,18189,Room Admin,32,In
2018-10-26 00:36:00,18188,Room Admin,32,In
2018-10-26 00:39:00,18185,Room Admin,32,In
2018-10-26 00:42:00,18183,Room Admin,32,In
2018-10-26 00:49:00,18180,Room Admin,32,In
2018-10-26 00:51:00,18179,Room Admin,33,In
2018-10-26 00:55:00,18177,Room Admin,33,In
2018-10-26 00:57:00,18175,Room Admin,32,In
2018-10-26 01:01:00,18173,Room Admin,32,In
2018-10-26 01:02:00,18172,Room Admin,32,In
2018-10-26 01:04:00,18171,Room Admin,32,In
2018-10-26 01:06:00,18169,Room Admin,32,In
2018-10-26 01:10:00,18167,Room Admin,32,In
2018-10-26 01:16:00,18163,Room Admin,32,In
2018-10-26 01:20:00,18160,Room Admin,32,In
2018-10-26 01:24:00,18159,Room Admin,32,In
2018-10-26 01:26:00,18158,Room Admin,32,In
2018-10-26 01:28:00,18156,Room Admin,32,In
2018-10-26 01:29:00,18155,Room Admin,32,In
2018-10-26 01:31:00,18153,Room Admin,32,In
2018-10-26 01:33:00,18151,Room Admin,32,In
2018-10-26 01:33:00,18152,Room Admin,32,In
2018-10-26 01:35:00,18149,Room Admin,32,In
2018-10-26 01:35:00,18148,Room Admin,32,In
2018-10-26 01:37:00,18147,Room Admin,32,In
2018-10-26 01:37:00,18146,Room Admin,32,In
2018-10-26 01:39:00,18145,Room Admin,32,In
2018-10-26 01:40:00,18144,Room Admin,32,In
2018-10-26 01:44:00,18138,Room Admin,32,In
2018-10-26 01:44:00,18141,Room Admin,32,In
2018-10-26 01:44:00,18140,Room Admin,32,In
2018-10-26 01:44:00,18139,Room Admin,32,In
2018-10-26 01:47:00,18137,Room Admin,32,In
2018-10-26 02:03:00,18131,Room Admin,32,In
2018-10-26 02:03:00,18130,Room Admin,32,In
2018-10-26 02:05:00,18129,Room Admin,31,In
2018-10-26 02:09:00,18128,Room Admin,31,In
2018-10-26 02:11:00,18127,Room Admin,30,In
2018-10-26 02:12:00,18126,Room Admin,30,In
2018-10-26 02:13:00,18124,Room Admin,32,In
2018-10-26 02:15:00,18122,Room Admin,31,In
2018-10-26 02:19:00,18121,Room Admin,31,In
2018-10-26 02:21:00,18120,Room Admin,30,In
2018-10-26 02:24:00,18118,Room Admin,30,In
2018-10-26 02:27:00,18116,Room Admin,31,In
2018-10-26 02:31:00,18113,Room Admin,30,In
2018-10-26 02:31:00,18114,Room Admin,30,In
2018-10-26 02:35:00,18112,Room Admin,30,In
2018-10-26 02:37:00,18110,Room Admin,31,In
2018-10-26 02:37:00,18109,Room Admin,30,In
2018-10-26 02:41:00,18106,Room Admin,30,In
2018-10-26 02:45:00,18103,Room Admin,30,In
2018-10-26 02:48:00,18101,Room Admin,30,In
2018-10-26 02:53:00,18099,Room Admin,31,In
2018-10-26 02:54:00,18097,Room Admin,30,In
2018-10-26 03:00:00,18093,Room Admin,29,In
2018-10-26 03:07:00,18089,Room Admin,29,In
2018-10-26 03:12:00,18085,Room Admin,29,In
2018-10-26 03:15:00,18084,Room Admin,29,In
2018-10-26 03:17:00,18081,Room Admin,29,In
2018-10-26 03:17:00,18082,Room Admin,31,In
2018-10-26 03:19:00,18080,Room Admin,31,In
2018-10-26 03:23:00,18077,Room Admin,31,In
2018-10-26 03:25:00,18075,Room Admin,29,In
2018-10-26 03:27:00,18074,Room Admin,31,In
2018-10-26 03:29:00,18073,Room Admin,31,In
2018-10-26 03:31:00,18072,Room Admin,31,In
2018-10-26 03:31:00,18071,Room Admin,29,In
2018-10-26 03:39:00,18068,Room Admin,31,In
2018-10-26 03:43:00,18067,Room Admin,29,In
2018-10-26 03:45:00,18065,Room Admin,29,In
2018-10-26 03:45:00,18064,Room Admin,31,In
2018-10-26 03:47:00,18062,Room Admin,29,In
2018-10-26 03:49:00,18060,Room Admin,31,In
2018-10-26 03:53:00,18058,Room Admin,28,In
2018-10-26 03:53:00,18057,Room Admin,31,In
2018-10-26 03:55:00,18055,Room Admin,30,In
2018-10-26 03:59:00,18053,Room Admin,31,In
2018-10-26 04:01:00,18051,Room Admin,30,In
2018-10-26 04:05:00,18048,Room Admin,30,In
2018-10-26 04:12:00,18044,Room Admin,28,In
2018-10-26 04:13:00,18043,Room Admin,28,In
2018-10-26 04:13:00,18042,Room Admin,28,In
2018-10-26 04:17:00,18040,Room Admin,28,In
2018-10-26 04:21:00,18038,Room Admin,30,In
2018-10-26 04:23:00,18037,Room Admin,28,In
2018-10-26 04:25:00,18036,Room Admin,28,In
2018-10-26 04:25:00,18035,Room Admin,28,In
2018-10-26 04:30:00,18033,Room Admin,28,In
2018-10-26 04:31:00,18032,Room Admin,28,In
2018-10-26 04:31:00,18031,Room Admin,28,In
2018-10-26 04:32:00,18030,Room Admin,28,In
2018-10-26 04:32:00,18029,Room Admin,28,In
2018-10-26 04:33:00,18028,Room Admin,30,In
2018-10-26 04:34:00,18027,Room Admin,28,In
2018-10-26 04:35:00,18025,Room Admin,28,In
2018-10-26 04:35:00,18026,Room Admin,31,In
2018-10-26 04:37:00,18024,Room Admin,28,In
2018-10-26 04:38:00,18023,Room Admin,28,In
2018-10-26 04:39:00,18022,Room Admin,30,In
2018-10-26 04:39:00,18021,Room Admin,28,In
2018-10-26 04:44:00,18019,Room Admin,28,In
2018-10-26 04:45:00,18018,Room Admin,28,In
2018-10-26 04:45:00,18017,Room Admin,28,In
2018-10-26 04:47:00,18015,Room Admin,30,In
2018-10-26 04:47:00,18014,Room Admin,28,In
2018-10-26 04:49:00,18012,Room Admin,30,In
2018-10-26 04:53:00,18009,Room Admin,28,In
2018-10-26 04:55:00,18008,Room Admin,28,In
2018-10-26 04:56:00,18006,Room Admin,30,In
2018-10-26 04:57:00,18005,Room Admin,28,In
2018-10-26 04:57:00,18004,Room Admin,28,In
2018-10-26 04:59:00,18003,Room Admin,28,In
2018-10-26 04:59:00,18001,Room Admin,28,In
2018-10-26 05:01:00,18000,Room Admin,30,In
2018-10-26 05:02:00,17999,Room Admin,28,In
2018-10-26 05:04:00,17997,Room Admin,30,In
2018-10-26 05:07:00,17995,Room Admin,28,In
2018-10-26 05:07:00,17994,Room Admin,28,In
2018-10-26 05:09:00,17993,Room Admin,28,In
2018-10-26 05:11:00,17992,Room Admin,30,In
2018-10-26 05:13:00,17990,Room Admin,28,In
2018-10-26 05:16:00,17986,Room Admin,30,In
2018-10-26 05:16:00,17985,Room Admin,28,In
2018-10-26 05:18:00,17984,Room Admin,28,In
2018-10-26 05:21:00,17983,Room Admin,30,In
2018-10-26 05:23:00,17981,Room Admin,27,In
2018-10-26 05:25:00,17980,Room Admin,30,In
2018-10-26 05:26:00,17979,Room Admin,28,In
2018-10-26 05:27:00,17978,Room Admin,28,In
2018-10-26 05:27:00,17977,Room Admin,28,In
2018-10-26 05:28:00,17976,Room Admin,30,In
2018-10-26 05:37:00,17972,Room Admin,30,In
2018-10-26 05:39:00,17970,Room Admin,28,In
2018-10-26 05:42:00,17968,Room Admin,28,In
2018-10-26 05:45:00,17966,Room Admin,28,In
2018-10-26 05:52:00,17964,Room Admin,30,In
2018-10-26 05:57:00,17963,Room Admin,28,In
2018-10-26 05:58:00,17961,Room Admin,30,In
2018-10-26 05:59:00,17960,Room Admin,28,In
2018-10-26 06:00:00,17959,Room Admin,28,In
2018-10-26 06:00:00,17958,Room Admin,28,In
2018-10-26 06:07:00,17954,Room Admin,29,In
2018-10-26 06:10:00,17953,Room Admin,30,In
2018-10-26 06:16:00,17952,Room Admin,27,In
2018-10-26 06:18:00,17951,Room Admin,27,In
2018-10-26 06:24:00,17950,Room Admin,30,In
2018-10-26 06:26:00,17949,Room Admin,30,In
2018-10-26 06:29:00,17945,Room Admin,27,In
2018-10-26 06:34:00,17944,Room Admin,30,In
2018-10-26 06:35:00,17943,Room Admin,27,In
2018-10-26 06:38:00,17942,Room Admin,30,In
2018-10-26 06:41:00,17940,Room Admin,30,In
2018-10-26 06:43:00,17939,Room Admin,30,In
2018-10-26 06:46:00,17937,Room Admin,28,In
2018-10-26 06:49:00,17935,Room Admin,28,In
2018-10-26 06:50:00,17933,Room Admin,28,In
2018-10-26 06:52:00,17932,Room Admin,28,In
2018-10-26 06:53:00,17931,Room Admin,28,In
2018-10-26 06:53:00,17930,Room Admin,28,In
2018-10-26 06:54:00,17929,Room Admin,30,In
2018-10-26 06:58:00,17928,Room Admin,28,In
2018-10-26 07:02:00,17926,Room Admin,28,In
2018-10-26 07:03:00,17925,Room Admin,30,In
2018-10-26 07:03:00,17923,Room Admin,28,In
2018-10-26 07:06:00,17920,Room Admin,28,In
2018-10-26 07:09:00,17919,Room Admin,30,In
2018-10-26 07:11:00,17918,Room Admin,28,In
2018-10-26 07:13:00,17916,Room Admin,30,In
2018-10-26 07:13:00,17917,Room Admin,27,In
2018-10-26 07:16:00,17915,Room Admin,30,In
2018-10-26 07:26:00,17912,Room Admin,30,In
2018-10-26 07:26:00,17911,Room Admin,27,In
2018-10-26 07:27:00,17910,Room Admin,27,In
2018-10-26 07:27:00,17909,Room Admin,27,In
2018-10-26 07:28:00,17908,Room Admin,27,In
2018-10-26 07:29:00,17907,Room Admin,27,In
2018-10-26 07:31:00,17906,Room Admin,27,In
2018-10-26 07:36:00,17905,Room Admin,27,In
2018-10-26 07:37:00,17904,Room Admin,30,In
2018-10-26 07:40:00,17903,Room Admin,30,In
2018-10-26 07:43:00,17902,Room Admin,30,In
2018-10-26 07:46:00,17901,Room Admin,30,In
2018-10-26 07:46:00,17900,Room Admin,27,In
2018-10-26 07:50:00,17899,Room Admin,30,In
2018-10-26 07:56:00,17898,Room Admin,30,In
2018-10-26 07:58:00,17897,Room Admin,29,In
2018-10-26 08:01:00,17896,Room Admin,29,In
2018-10-26 08:01:00,17895,Room Admin,27,In
2018-10-26 08:08:00,17894,Room Admin,29,In
2018-10-26 08:24:00,17888,Room Admin,29,In
2018-10-26 08:31:00,17884,Room Admin,29,In
2018-10-26 08:36:00,17880,Room Admin,29,In
2018-10-26 08:37:00,17879,Room Admin,27,In
2018-10-26 08:41:00,17877,Room Admin,29,In
2018-10-26 08:45:00,17875,Room Admin,30,In
2018-10-26 08:47:00,17873,Room Admin,29,In
2018-10-26 08:50:00,17871,Room Admin,29,In
2018-10-26 08:50:00,17870,Room Admin,27,In
2018-10-26 08:54:00,17869,Room Admin,29,In
2018-10-26 08:56:00,17866,Room Admin,27,In
2018-10-26 09:01:00,17863,Room Admin,27,In
2018-10-27 06:15:00,17852,Room Admin,31,In
2018-10-27 06:15:00,17851,Room Admin,30,In
2018-10-27 06:22:00,17846,Room Admin,29,In
2018-10-27 06:23:00,17842,Room Admin,29,In
2018-10-27 06:23:00,17843,Room Admin,29,In
2018-10-27 06:23:00,17845,Room Admin,29,In
2018-10-27 06:24:00,17841,Room Admin,29,In
2018-10-27 06:24:00,17840,Room Admin,29,In
2018-10-27 06:26:00,17838,Room Admin,29,In
2018-10-27 06:27:00,17836,Room Admin,30,In
2018-10-27 06:29:00,17835,Room Admin,30,In
2018-10-27 06:30:00,17834,Room Admin,30,In
2018-10-27 06:38:00,17833,Room Admin,30,In
2018-10-27 06:39:00,17832,Room Admin,31,In
2018-10-27 06:39:00,17831,Room Admin,31,In
2018-10-27 06:40:00,17830,Room Admin,31,In
2018-10-27 06:41:00,17829,Room Admin,32,In
2018-10-27 06:41:00,17828,Room Admin,31,In
2018-10-27 06:42:00,17827,Room Admin,32,In
2018-10-27 06:42:00,17826,Room Admin,32,In
2018-10-27 06:44:00,17824,Room Admin,32,In
2018-10-27 06:45:00,17823,Room Admin,32,In
2018-10-27 06:46:00,17820,Room Admin,32,In
2018-10-27 06:46:00,17822,Room Admin,32,In
2018-10-27 06:47:00,17819,Room Admin,32,In
2018-10-27 06:48:00,17817,Room Admin,32,In
2018-10-27 06:50:00,17814,Room Admin,32,In
2018-10-27 06:50:00,17813,Room Admin,32,In
2018-10-27 06:51:00,17811,Room Admin,32,In
2018-10-27 06:51:00,17810,Room Admin,32,In
2018-10-27 06:52:00,17809,Room Admin,32,In
2018-10-27 06:53:00,17807,Room Admin,33,In
2018-10-27 06:55:00,17806,Room Admin,32,In
2018-10-27 06:56:00,17805,Room Admin,32,In
2018-10-27 06:56:00,17804,Room Admin,32,In
2018-10-27 06:56:00,17803,Room Admin,32,In
2018-10-27 06:57:00,17802,Room Admin,33,In
2018-10-27 06:57:00,17801,Room Admin,32,In
2018-10-27 07:00:00,17799,Room Admin,32,In
2018-10-27 07:02:00,17797,Room Admin,32,In
2018-10-27 07:02:00,17794,Room Admin,32,In
2018-10-27 07:02:00,17798,Room Admin,32,In
2018-10-27 07:02:00,17796,Room Admin,32,In
2018-10-27 07:03:00,17793,Room Admin,32,In
2018-10-27 07:03:00,17792,Room Admin,32,In
2018-10-27 07:04:00,17791,Room Admin,32,In
2018-10-27 07:05:00,17790,Room Admin,32,In
2018-10-27 07:07:00,17788,Room Admin,32,In
2018-10-27 07:07:00,17787,Room Admin,32,In
2018-10-27 07:07:00,17786,Room Admin,32,In
2018-10-27 07:08:00,17785,Room Admin,32,In
2018-10-27 07:08:00,17784,Room Admin,32,In
2018-10-27 07:08:00,17783,Room Admin,32,In
2018-10-27 07:09:00,17782,Room Admin,32,In
2018-10-27 07:09:00,17781,Room Admin,32,In
2018-10-27 07:10:00,17779,Room Admin,32,In
2018-10-27 07:10:00,17778,Room Admin,32,In
2018-10-27 07:11:00,17777,Room Admin,32,In
2018-10-27 07:11:00,17776,Room Admin,32,In
2018-10-27 07:13:00,17774,Room Admin,32,In
2018-10-27 07:13:00,17775,Room Admin,32,In
2018-10-27 07:14:00,17773,Room Admin,32,In
2018-10-27 07:15:00,17772,Room Admin,32,In
2018-10-27 07:15:00,17771,Room Admin,32,In
2018-10-27 07:17:00,17770,Room Admin,33,In
2018-10-27 07:17:00,17769,Room Admin,32,In
2018-10-27 07:17:00,17767,Room Admin,32,In
2018-10-27 07:18:00,17766,Room Admin,32,In
2018-10-27 07:18:00,17765,Room Admin,32,In
2018-10-27 07:18:00,17764,Room Admin,33,In
2018-10-27 07:20:00,17763,Room Admin,33,In
2018-10-27 07:21:00,17762,Room Admin,33,In
2018-10-27 07:21:00,17761,Room Admin,33,In
2018-10-27 07:21:00,17760,Room Admin,33,In
2018-10-27 07:21:00,17759,Room Admin,33,In
2018-10-27 07:22:00,17757,Room Admin,33,In
2018-10-27 07:22:00,17758,Room Admin,33,In
2018-10-27 07:24:00,17756,Room Admin,33,In
2018-10-27 07:25:00,17755,Room Admin,33,In
2018-10-27 07:26:00,17754,Room Admin,33,In
2018-10-27 07:26:00,17753,Room Admin,33,In
2018-10-27 07:29:00,17752,Room Admin,33,In
2018-10-27 07:29:00,17751,Room Admin,33,In
2018-10-27 07:30:00,17750,Room Admin,33,In
2018-10-27 07:31:00,17749,Room Admin,33,In
2018-10-27 07:34:00,17748,Room Admin,33,In
2018-10-27 07:35:00,17747,Room Admin,32,In
2018-10-27 07:35:00,17746,Room Admin,33,In
2018-10-27 07:37:00,17745,Room Admin,32,In
2018-10-27 07:38:00,17744,Room Admin,33,In
2018-10-27 07:40:00,17742,Room Admin,33,In
2018-10-27 07:40:00,17741,Room Admin,33,In
2018-10-27 07:41:00,17740,Room Admin,33,In
2018-10-27 07:42:00,17739,Room Admin,33,In
2018-10-27 07:44:00,17738,Room Admin,32,In
2018-10-27 07:46:00,17737,Room Admin,32,In
2018-10-27 07:46:00,17736,Room Admin,33,In
2018-10-27 07:46:00,17734,Room Admin,32,In
2018-10-27 07:48:00,17733,Room Admin,32,In
2018-10-27 07:48:00,17732,Room Admin,32,In
2018-10-27 07:48:00,17731,Room Admin,32,In
2018-10-27 07:50:00,17730,Room Admin,32,In
2018-10-27 07:51:00,17729,Room Admin,32,In
2018-10-27 07:52:00,17728,Room Admin,33,In
2018-10-27 07:52:00,17727,Room Admin,33,In
2018-10-27 07:53:00,17726,Room Admin,32,In
2018-10-27 07:53:00,17725,Room Admin,32,In
2018-10-27 07:54:00,17724,Room Admin,33,In
2018-10-27 07:55:00,17723,Room Admin,33,In
2018-10-27 07:55:00,17722,Room Admin,33,In
2018-10-27 07:56:00,17721,Room Admin,33,In
2018-10-27 07:58:00,17719,Room Admin,33,In
2018-10-27 07:58:00,17720,Room Admin,33,In
2018-10-27 07:59:00,17718,Room Admin,33,In
2018-10-27 07:59:00,17717,Room Admin,33,In
2018-10-27 07:59:00,17716,Room Admin,33,In
2018-10-27 07:59:00,17715,Room Admin,33,In
2018-10-27 08:00:00,17714,Room Admin,33,In
2018-10-27 08:01:00,17713,Room Admin,33,In
2018-10-27 08:01:00,17712,Room Admin,33,In
2018-10-27 08:02:00,17711,Room Admin,33,In
2018-10-27 08:03:00,17710,Room Admin,33,In
2018-10-27 08:05:00,17708,Room Admin,33,In
2018-10-27 08:05:00,17709,Room Admin,33,In
2018-10-27 08:06:00,17706,Room Admin,33,In
2018-10-27 08:07:00,17705,Room Admin,33,In
2018-10-27 08:08:00,17703,Room Admin,33,In
2018-10-27 08:10:00,17701,Room Admin,33,In
2018-10-27 08:11:00,17700,Room Admin,33,In
2018-10-27 08:13:00,17699,Room Admin,33,In
2018-10-27 08:14:00,17698,Room Admin,33,In
2018-10-27 08:14:00,17697,Room Admin,33,In
2018-10-27 08:15:00,17696,Room Admin,33,In
2018-10-27 08:15:00,17695,Room Admin,33,In
2018-10-27 08:16:00,17694,Room Admin,33,In
2018-10-27 08:18:00,17692,Room Admin,33,In
2018-10-27 08:18:00,17691,Room Admin,33,In
2018-10-27 08:21:00,17690,Room Admin,33,In
2018-10-27 08:21:00,17689,Room Admin,33,In
2018-10-27 08:22:00,17688,Room Admin,33,In
2018-10-27 08:22:00,17687,Room Admin,33,In
2018-10-27 08:23:00,17686,Room Admin,33,In
2018-10-27 08:23:00,17685,Room Admin,33,In
2018-10-27 08:25:00,17684,Room Admin,33,In
2018-10-27 08:26:00,17682,Room Admin,33,In
2018-10-27 08:26:00,17683,Room Admin,33,In
2018-10-27 08:27:00,17680,Room Admin,33,In
2018-10-27 08:29:00,17679,Room Admin,33,In
2018-10-27 08:30:00,17678,Room Admin,33,In
2018-10-27 08:30:00,17677,Room Admin,33,In
2018-10-27 08:31:00,17676,Room Admin,33,In
2018-10-27 08:31:00,17675,Room Admin,33,In
2018-10-27 08:33:00,17674,Room Admin,33,In
2018-10-27 08:34:00,17673,Room Admin,33,In
2018-10-27 08:34:00,17672,Room Admin,33,In
2018-10-27 08:36:00,17670,Room Admin,33,In
2018-10-27 08:38:00,17669,Room Admin,33,In
2018-10-27 08:38:00,17668,Room Admin,33,In
2018-10-27 08:39:00,17667,Room Admin,32,In
2018-10-27 08:40:00,17663,Room Admin,33,In
2018-10-27 08:40:00,17665,Room Admin,33,In
2018-10-27 08:40:00,17666,Room Admin,33,In
2018-10-27 08:41:00,17661,Room Admin,33,In
2018-10-27 08:41:00,17662,Room Admin,33,In
2018-10-27 08:43:00,17659,Room Admin,33,In
2018-10-27 08:46:00,17657,Room Admin,33,In
2018-10-27 08:47:00,17656,Room Admin,33,In
2018-10-27 08:47:00,17655,Room Admin,33,In
2018-10-27 08:48:00,17654,Room Admin,33,In
2018-10-27 08:48:00,17653,Room Admin,33,In
2018-10-27 08:48:00,17652,Room Admin,33,In
2018-10-27 08:49:00,17651,Room Admin,33,In
2018-10-27 08:50:00,17650,Room Admin,33,In
2018-10-27 08:50:00,17648,Room Admin,33,In
2018-10-27 08:52:00,17646,Room Admin,33,In
2018-10-27 08:52:00,17647,Room Admin,33,In
2018-10-27 08:53:00,17644,Room Admin,33,In
2018-10-27 08:53:00,17643,Room Admin,33,In
2018-10-27 08:54:00,17642,Room Admin,33,In
2018-10-27 08:54:00,17640,Room Admin,33,In
2018-10-27 08:56:00,17638,Room Admin,33,In
2018-10-27 08:57:00,17637,Room Admin,33,In
2018-10-27 08:59:00,17636,Room Admin,33,In
2018-10-27 09:00:00,17635,Room Admin,33,In
2018-10-27 09:00:00,17634,Room Admin,33,In
2018-10-27 09:00:00,17633,Room Admin,33,In
2018-10-27 09:00:00,17632,Room Admin,33,In
2018-10-27 09:01:00,17631,Room Admin,33,In
2018-10-27 09:01:00,17630,Room Admin,33,In
2018-10-27 09:03:00,17628,Room Admin,33,In
2018-10-27 09:03:00,17629,Room Admin,33,In
2018-10-27 09:05:00,17626,Room Admin,33,In
2018-10-27 09:05:00,17625,Room Admin,33,In
2018-10-27 09:05:00,17627,Room Admin,33,In
2018-10-27 09:06:00,17624,Room Admin,33,In
2018-10-27 09:06:00,17623,Room Admin,33,In
2018-10-27 09:07:00,17621,Room Admin,33,In
2018-10-27 09:07:00,17622,Room Admin,33,In
2018-10-27 09:09:00,17618,Room Admin,33,In
2018-10-27 09:10:00,17616,Room Admin,33,In
2018-10-27 09:11:00,17615,Room Admin,33,In
2018-10-27 09:12:00,17612,Room Admin,33,In
2018-10-27 09:12:00,17611,Room Admin,33,In
2018-10-27 09:12:00,17613,Room Admin,33,In
2018-10-27 09:13:00,17610,Room Admin,33,In
2018-10-27 09:15:00,17609,Room Admin,33,In
2018-10-27 09:17:00,17607,Room Admin,33,In
2018-10-27 09:17:00,17606,Room Admin,33,In
2018-10-27 09:17:00,17605,Room Admin,33,In
2018-10-27 09:18:00,17603,Room Admin,33,In
2018-10-27 09:20:00,17602,Room Admin,33,In
2018-10-27 09:20:00,17601,Room Admin,33,In
2018-10-27 09:21:00,17600,Room Admin,33,In
2018-10-27 09:21:00,17599,Room Admin,32,In
2018-10-27 09:21:00,17598,Room Admin,33,In
2018-10-27 09:22:00,17596,Room Admin,32,In
2018-10-27 09:22:00,17594,Room Admin,32,In
2018-10-27 09:22:00,17597,Room Admin,33,In
2018-10-27 09:24:00,17593,Room Admin,32,In
2018-10-27 09:24:00,17592,Room Admin,32,In
2018-10-27 09:25:00,17591,Room Admin,33,In
2018-10-27 09:26:00,17590,Room Admin,33,In
2018-10-27 09:26:00,17589,Room Admin,33,In
2018-10-27 09:26:00,17588,Room Admin,33,In
2018-10-27 09:27:00,17587,Room Admin,33,In
2018-10-27 09:28:00,17585,Room Admin,33,In
2018-10-27 09:28:00,17584,Room Admin,33,In
2018-10-27 09:30:00,17583,Room Admin,32,In
2018-10-27 09:30:00,17582,Room Admin,33,In
2018-10-27 09:31:00,17581,Room Admin,33,In
2018-10-27 09:32:00,17580,Room Admin,33,In
2018-10-27 09:34:00,17579,Room Admin,33,In
2018-10-27 09:35:00,17578,Room Admin,33,In
2018-10-27 09:36:00,17575,Room Admin,33,In
2018-10-27 09:37:00,17574,Room Admin,33,In
2018-10-27 09:38:00,17572,Room Admin,33,In
2018-10-27 09:40:00,17571,Room Admin,33,In
2018-10-27 09:40:00,17570,Room Admin,33,In
2018-10-27 09:41:00,17568,Room Admin,33,In
2018-10-27 09:41:00,17567,Room Admin,33,In
2018-10-27 09:42:00,17566,Room Admin,33,In
2018-10-27 09:42:00,17565,Room Admin,33,In
2018-10-27 09:43:00,17564,Room Admin,33,In
2018-10-27 09:44:00,17563,Room Admin,33,In
2018-10-27 09:44:00,17562,Room Admin,33,In
2018-10-27 09:44:00,17561,Room Admin,33,In
2018-10-27 09:47:00,17559,Room Admin,33,In
2018-10-27 09:47:00,17558,Room Admin,33,In
2018-10-27 09:49:00,17557,Room Admin,33,In
2018-10-27 09:50:00,17555,Room Admin,33,In
2018-10-27 09:50:00,17556,Room Admin,33,In
2018-10-27 09:52:00,17554,Room Admin,33,In
2018-10-27 09:53:00,17553,Room Admin,33,In
2018-10-27 09:53:00,17552,Room Admin,33,In
2018-10-27 09:55:00,17551,Room Admin,33,In
2018-10-27 09:59:00,17550,Room Admin,33,In
2018-10-27 10:00:00,17549,Room Admin,33,In
2018-10-27 10:00:00,17548,Room Admin,33,In
2018-10-27 10:01:00,17547,Room Admin,33,In
2018-10-27 10:04:00,17545,Room Admin,33,In
2018-10-27 10:05:00,17544,Room Admin,33,In
2018-10-27 10:07:00,17543,Room Admin,33,In
2018-10-27 10:09:00,17542,Room Admin,33,In
2018-10-27 10:09:00,17541,Room Admin,33,In
2018-10-27 10:10:00,17540,Room Admin,33,In
2018-10-27 10:10:00,17539,Room Admin,33,In
2018-10-27 10:11:00,17537,Room Admin,33,In
2018-10-27 10:12:00,17536,Room Admin,33,In
2018-10-27 10:13:00,17534,Room Admin,33,In
2018-10-27 10:13:00,17535,Room Admin,33,In
2018-10-27 10:14:00,17533,Room Admin,33,In
2018-10-27 10:15:00,17532,Room Admin,33,In
2018-10-27 10:17:00,17531,Room Admin,33,In
2018-10-27 10:19:00,17530,Room Admin,33,In
2018-10-27 10:52:00,17527,Room Admin,33,In
2018-10-27 10:54:00,17526,Room Admin,34,In
2018-10-27 11:17:00,17523,Room Admin,33,In
2018-10-27 11:23:00,17519,Room Admin,33,In
2018-10-27 11:33:00,17515,Room Admin,33,In
2018-10-27 11:35:00,17514,Room Admin,33,In
2018-10-27 12:35:00,17510,Room Admin,33,In
2018-10-27 14:00:00,17505,Room Admin,34,In
2018-10-27 14:08:00,17503,Room Admin,34,In
2018-10-27 14:10:00,17502,Room Admin,34,In
2018-10-27 15:01:00,17490,Room Admin,33,In
2018-10-27 15:05:00,17488,Room Admin,33,In
2018-10-27 15:11:00,17485,Room Admin,33,In
2018-10-27 15:15:00,17483,Room Admin,33,In
2018-10-27 15:17:00,17482,Room Admin,33,In
2018-10-27 15:23:00,17481,Room Admin,33,In
2018-10-27 17:08:00,17464,Room Admin,33,In
2018-10-27 17:10:00,17463,Room Admin,33,In
2018-10-27 17:12:00,17461,Room Admin,33,In
2018-10-27 17:40:00,17450,Room Admin,33,In
2018-10-27 17:42:00,17448,Room Admin,33,In
2018-10-27 18:26:00,17435,Room Admin,33,In
2018-10-27 18:28:00,17433,Room Admin,34,In
2018-10-27 19:56:00,17403,Room Admin,33,In
2018-10-27 19:58:00,17401,Room Admin,34,In
2018-10-27 20:00:00,17400,Room Admin,34,In
2018-10-27 20:02:00,17399,Room Admin,34,In
2018-10-27 20:04:00,17397,Room Admin,34,In
2018-10-27 20:30:00,17386,Room Admin,33,In
2018-10-27 20:32:00,17385,Room Admin,34,In
2018-10-27 20:50:00,17379,Room Admin,33,In
2018-10-27 20:52:00,17377,Room Admin,34,In
2018-10-27 20:54:00,17376,Room Admin,34,In
2018-10-27 20:56:00,17375,Room Admin,34,In
2018-10-27 21:14:00,17369,Room Admin,33,In
2018-10-27 21:16:00,17367,Room Admin,34,In
2018-10-27 21:28:00,17362,Room Admin,33,In
2018-10-27 21:36:00,17358,Room Admin,34,In
2018-10-27 21:38:00,17356,Room Admin,33,In
2018-10-27 21:40:00,17354,Room Admin,34,In
2018-10-27 21:42:00,17352,Room Admin,33,In
2018-10-27 21:46:00,17349,Room Admin,34,In
2018-10-27 21:48:00,17348,Room Admin,33,In
2018-10-27 21:50:00,17346,Room Admin,34,In
2018-10-27 21:54:00,17344,Room Admin,33,In
2018-10-27 21:56:00,17342,Room Admin,34,In
2018-10-27 22:00:00,17339,Room Admin,33,In
2018-10-27 22:26:00,17329,Room Admin,33,In
2018-10-27 22:28:00,17327,Room Admin,33,In
2018-10-27 22:28:00,17326,Room Admin,34,In
2018-10-27 22:30:00,17324,Room Admin,33,In
2018-10-27 22:30:00,17323,Room Admin,33,In
2018-10-27 22:34:00,17321,Room Admin,33,In
2018-10-27 22:36:00,17320,Room Admin,33,In
2018-10-27 22:38:00,17319,Room Admin,33,In
2018-10-27 22:40:00,17317,Room Admin,33,In
2018-10-27 22:44:00,17314,Room Admin,34,In
2018-10-27 22:44:00,17315,Room Admin,33,In
2018-10-27 22:46:00,17312,Room Admin,33,In
2018-10-27 22:48:00,17310,Room Admin,33,In
2018-10-27 22:50:00,17308,Room Admin,33,In
2018-10-27 22:50:00,17307,Room Admin,34,In
2018-10-27 22:52:00,17305,Room Admin,33,In
2018-10-27 23:22:00,17291,Room Admin,33,In
2018-10-27 23:24:00,17289,Room Admin,33,In
2018-10-27 23:57:00,17276,Room Admin,33,In
2018-10-27 23:59:00,17274,Room Admin,33,In
2018-10-28 00:26:00,17264,Room Admin,33,In
2018-10-28 00:28:00,17262,Room Admin,33,In
2018-10-28 00:30:00,17261,Room Admin,33,In
2018-10-28 00:32:00,17260,Room Admin,33,In
2018-10-28 00:45:00,17255,Room Admin,33,In
2018-10-28 00:47:00,17253,Room Admin,33,In
2018-10-28 00:49:00,17252,Room Admin,33,In
2018-10-28 00:59:00,17249,Room Admin,33,In
2018-10-28 01:31:00,17238,Room Admin,33,In
2018-10-28 01:57:00,17232,Room Admin,34,In
2018-10-28 01:59:00,17230,Room Admin,33,In
2018-10-28 01:59:00,17229,Room Admin,33,In
2018-10-28 02:01:00,17227,Room Admin,33,In
2018-10-28 02:13:00,17221,Room Admin,33,In
2018-10-28 02:15:00,17220,Room Admin,33,In
2018-10-28 02:19:00,17217,Room Admin,33,In
2018-10-28 02:21:00,17215,Room Admin,33,In
2018-10-28 02:41:00,17206,Room Admin,33,In
2018-10-28 02:43:00,17204,Room Admin,33,In
2018-10-28 02:55:00,17200,Room Admin,33,In
2018-10-28 02:57:00,17198,Room Admin,33,In
2018-10-28 03:09:00,17192,Room Admin,33,In
2018-10-28 03:11:00,17190,Room Admin,33,In
2018-10-28 03:25:00,17184,Room Admin,33,In
2018-10-28 03:37:00,17178,Room Admin,33,In
2018-10-28 03:39:00,17176,Room Admin,33,In
2018-10-28 03:41:00,17175,Room Admin,33,In
2018-10-28 04:01:00,17169,Room Admin,34,In
2018-10-28 04:03:00,17168,Room Admin,33,In
2018-10-28 04:13:00,17167,Room Admin,34,In
2018-10-28 04:15:00,17166,Room Admin,33,In
2018-10-28 04:21:00,17163,Room Admin,34,In
2018-10-28 04:23:00,17161,Room Admin,33,In
2018-10-28 04:33:00,17160,Room Admin,34,In
2018-10-28 04:35:00,17159,Room Admin,33,In
2018-10-28 04:37:00,17158,Room Admin,34,In
2018-10-28 04:39:00,17157,Room Admin,33,In
2018-10-28 04:43:00,17155,Room Admin,34,In
2018-10-28 04:51:00,17152,Room Admin,33,In
2018-10-28 04:53:00,17151,Room Admin,34,In
2018-10-28 04:59:00,17148,Room Admin,33,In
2018-10-28 05:05:00,17145,Room Admin,33,In
2018-10-28 05:07:00,17143,Room Admin,33,In
2018-10-28 05:21:00,17141,Room Admin,33,In
2018-10-30 01:50:00,17113,Room Admin,33,In
2018-10-30 01:52:00,17112,Room Admin,33,In
2018-10-30 02:06:00,17105,Room Admin,33,In
2018-10-30 02:48:00,17091,Room Admin,33,In
2018-10-30 02:54:00,17089,Room Admin,33,In
2018-10-30 03:02:00,17087,Room Admin,33,In
2018-10-30 03:04:00,17085,Room Admin,32,In
2018-10-30 03:28:00,17077,Room Admin,32,In
2018-10-30 03:30:00,17076,Room Admin,33,In
2018-10-30 03:32:00,17075,Room Admin,32,In
2018-10-30 03:36:00,17073,Room Admin,32,In
2018-10-30 03:38:00,17072,Room Admin,32,In
2018-10-30 03:40:00,17071,Room Admin,32,In
2018-10-30 03:42:00,17069,Room Admin,32,In
2018-10-30 03:48:00,17066,Room Admin,32,In
2018-10-30 03:52:00,17065,Room Admin,31,In
2018-10-30 03:54:00,17064,Room Admin,32,In
2018-10-30 03:58:00,17062,Room Admin,31,In
2018-10-30 04:04:00,17058,Room Admin,31,In
2018-10-30 04:18:00,17056,Room Admin,31,In
2018-10-30 04:28:00,17051,Room Admin,31,In
2018-10-30 04:48:00,17046,Room Admin,31,In
2018-10-30 04:53:00,17042,Room Admin,31,In
2018-10-30 05:06:00,17033,Room Admin,31,In
2018-10-30 05:08:00,17032,Room Admin,31,In
2018-10-30 05:10:00,17031,Room Admin,31,In
2018-10-30 05:21:00,17025,Room Admin,31,In
2018-10-30 05:25:00,17022,Room Admin,31,In
2018-10-30 05:28:00,17019,Room Admin,31,In
2018-10-30 05:31:00,17016,Room Admin,31,In
2018-10-30 05:41:00,17011,Room Admin,31,In
2018-10-30 05:56:00,17006,Room Admin,31,In
2018-10-30 06:00:00,17005,Room Admin,31,In
2018-10-30 06:03:00,17004,Room Admin,31,In
2018-10-30 06:07:00,17002,Room Admin,31,In
2018-10-30 06:09:00,17000,Room Admin,31,In
2018-10-30 06:16:00,16997,Room Admin,31,In
2018-10-30 06:26:00,16993,Room Admin,31,In
2018-10-30 06:29:00,16991,Room Admin,31,In
2018-10-30 06:33:00,16989,Room Admin,31,In
2018-10-30 06:49:00,16983,Room Admin,31,In
2018-10-30 06:56:00,16980,Room Admin,31,In
2018-10-30 07:13:00,16968,Room Admin,31,In
2018-10-30 07:26:00,16964,Room Admin,30,In
2018-10-30 07:40:00,16959,Room Admin,30,In
2018-10-30 07:46:00,16956,Room Admin,30,In
2018-10-30 07:50:00,16955,Room Admin,30,In
2018-10-30 07:53:00,16952,Room Admin,30,In
2018-10-30 07:58:00,16950,Room Admin,30,In
2018-10-30 08:02:00,16947,Room Admin,30,In
2018-10-30 08:09:00,16944,Room Admin,30,In
2018-10-30 08:16:00,16942,Room Admin,30,In
2018-10-30 08:22:00,16939,Room Admin,30,In
2018-10-30 08:25:00,16937,Room Admin,30,In
2018-10-30 08:29:00,16935,Room Admin,30,In
2018-10-30 08:31:00,16934,Room Admin,30,In
2018-10-30 08:35:00,16932,Room Admin,30,In
2018-10-30 08:48:00,16928,Room Admin,30,In
2018-10-30 08:56:00,16924,Room Admin,30,In
2018-10-30 08:58:00,16922,Room Admin,30,In
2018-10-30 09:01:00,16920,Room Admin,30,In
2018-10-30 09:04:00,16919,Room Admin,30,In
2018-10-30 09:14:00,16917,Room Admin,30,In
2018-10-30 09:20:00,16914,Room Admin,30,In
2018-10-30 09:24:00,16912,Room Admin,30,In
2018-10-30 09:27:00,16910,Room Admin,30,In
2018-10-30 09:35:00,16907,Room Admin,30,In
2018-10-30 09:43:00,16903,Room Admin,30,In
2018-10-30 09:50:00,16902,Room Admin,30,In
2018-10-30 10:04:00,16900,Room Admin,30,In
2018-10-30 10:06:00,16898,Room Admin,30,In
2018-10-30 10:27:00,16894,Room Admin,30,In
2018-10-30 10:29:00,16892,Room Admin,30,In
2018-10-30 10:34:00,16890,Room Admin,30,In
2018-10-30 10:42:00,16887,Room Admin,30,In
2018-10-30 10:44:00,16885,Room Admin,30,In
2018-10-30 10:52:00,16884,Room Admin,30,In
2018-10-30 10:56:00,16883,Room Admin,30,In
2018-10-30 10:58:00,16882,Room Admin,30,In
2018-10-30 11:18:00,16874,Room Admin,30,In
2018-10-30 11:22:00,16873,Room Admin,30,In
2018-10-30 11:29:00,16870,Room Admin,30,In
2018-10-30 11:35:00,16868,Room Admin,30,In
2018-10-30 11:41:00,16864,Room Admin,30,In
2018-10-30 11:50:00,16862,Room Admin,30,In
2018-10-30 11:56:00,16860,Room Admin,30,In
2018-10-30 11:58:00,16859,Room Admin,30,In
2018-10-30 12:04:00,16856,Room Admin,30,In
2018-10-30 12:08:00,16852,Room Admin,30,In
2018-10-30 12:12:00,16851,Room Admin,30,In
2018-10-30 12:21:00,16846,Room Admin,30,In
2018-10-30 12:23:00,16844,Room Admin,30,In
2018-10-30 12:26:00,16838,Room Admin,30,In
2018-10-30 12:33:00,16835,Room Admin,30,In
2018-10-30 12:38:00,16833,Room Admin,30,In
2018-10-30 12:47:00,16830,Room Admin,30,In
2018-10-30 12:50:00,16829,Room Admin,30,In
2018-10-30 13:08:00,16826,Room Admin,30,In
2018-10-30 13:35:00,16822,Room Admin,30,In
2018-10-30 13:37:00,16820,Room Admin,29,In
2018-10-30 13:43:00,16817,Room Admin,29,In
2018-10-30 14:08:00,16810,Room Admin,29,In
2018-10-30 14:13:00,16808,Room Admin,29,In
2018-10-30 14:17:00,16804,Room Admin,30,In
2018-10-30 14:23:00,16801,Room Admin,30,In
2018-10-30 14:29:00,16799,Room Admin,30,In
2018-10-30 14:47:00,16794,Room Admin,30,In
2018-10-30 14:53:00,16791,Room Admin,30,In
2018-10-30 15:14:00,16782,Room Admin,30,In
2018-10-30 15:16:00,16781,Room Admin,30,In
2018-10-30 15:21:00,16779,Room Admin,30,In
2018-10-30 15:25:00,16776,Room Admin,31,In
2018-10-30 15:27:00,16774,Room Admin,31,In
2018-10-30 15:40:00,16769,Room Admin,31,In
2018-10-30 15:43:00,16766,Room Admin,31,In
2018-10-30 15:50:00,16764,Room Admin,31,In
2018-10-30 15:57:00,16760,Room Admin,31,In
2018-10-30 16:03:00,16757,Room Admin,31,In
2018-10-30 16:10:00,16754,Room Admin,31,In
2018-10-30 16:26:00,16749,Room Admin,31,In
2018-10-30 16:33:00,16746,Room Admin,31,In
2018-10-30 16:35:00,16744,Room Admin,31,In
2018-10-30 16:38:00,16742,Room Admin,32,In
2018-10-30 16:40:00,16741,Room Admin,32,In
2018-10-30 16:45:00,16740,Room Admin,32,In
2018-10-30 23:10:00,16639,Room Admin,32,In
2018-10-30 23:44:00,16629,Room Admin,32,In
2018-10-30 23:48:00,16626,Room Admin,32,In
2018-10-30 23:52:00,16623,Room Admin,32,In
2018-10-30 23:58:00,16621,Room Admin,32,In
2018-10-31 00:12:00,16617,Room Admin,32,In
2018-10-31 02:37:00,16571,Room Admin,32,In
2018-10-31 02:39:00,16569,Room Admin,32,In
2018-10-31 02:43:00,16566,Room Admin,32,In
2018-10-31 02:47:00,16564,Room Admin,32,In
2018-10-31 02:49:00,16562,Room Admin,32,In
2018-10-31 03:01:00,16556,Room Admin,31,In
2018-10-31 03:05:00,16554,Room Admin,31,In
2018-10-31 03:09:00,16552,Room Admin,31,In
2018-10-31 03:29:00,16547,Room Admin,31,In
2018-10-31 03:35:00,16543,Room Admin,31,In
2018-10-31 03:41:00,16540,Room Admin,31,In
2018-10-31 03:43:00,16538,Room Admin,31,In
2018-10-31 03:51:00,16533,Room Admin,31,In
2018-10-31 03:53:00,16531,Room Admin,31,In
2018-10-31 04:08:00,16528,Room Admin,31,In
2018-10-31 04:28:00,16521,Room Admin,31,In
2018-10-31 04:50:00,16509,Room Admin,31,In
2018-10-31 05:24:00,16504,Room Admin,31,In
2018-10-31 05:40:00,16500,Room Admin,30,In
2018-10-31 06:03:00,16494,Room Admin,30,In
2018-10-31 06:05:00,16492,Room Admin,31,In
2018-10-31 06:16:00,16491,Room Admin,31,In
2018-10-31 06:23:00,16488,Room Admin,31,In
2018-10-31 06:25:00,16487,Room Admin,31,In
2018-10-31 06:27:00,16486,Room Admin,31,In
2018-10-31 06:31:00,16485,Room Admin,31,In
2018-10-31 06:35:00,16484,Room Admin,31,In
2018-10-31 06:40:00,16482,Room Admin,31,In
2018-10-31 06:42:00,16481,Room Admin,30,In
2018-10-31 06:44:00,16480,Room Admin,30,In
2018-10-31 06:54:00,16478,Room Admin,30,In
2018-10-31 06:59:00,16477,Room Admin,30,In
2018-10-31 07:19:00,16472,Room Admin,30,In
2018-10-31 07:35:00,16466,Room Admin,31,In
2018-10-31 07:47:00,16462,Room Admin,31,In
2018-10-31 07:53:00,16461,Room Admin,31,In
2018-10-31 07:56:00,16458,Room Admin,31,In
2018-10-31 08:06:00,16454,Room Admin,31,In
2018-10-31 08:10:00,16453,Room Admin,31,In
2018-10-31 08:18:00,16450,Room Admin,31,In
2018-10-31 08:27:00,16447,Room Admin,31,In
2018-10-31 08:31:00,16445,Room Admin,31,In
2018-10-31 08:33:00,16443,Room Admin,31,In
2018-10-31 08:39:00,16441,Room Admin,31,In
2018-10-31 08:41:00,16440,Room Admin,31,In
2018-10-31 08:45:00,16438,Room Admin,31,In
2018-10-31 08:48:00,16437,Room Admin,31,In
2018-10-31 08:50:00,16435,Room Admin,31,In
2018-10-31 08:52:00,16433,Room Admin,31,In
2018-10-31 09:09:00,16430,Room Admin,31,In
2018-10-31 09:13:00,16429,Room Admin,31,In
2018-10-31 09:15:00,16428,Room Admin,31,In
2018-10-31 09:19:00,16427,Room Admin,31,In
2018-10-31 09:25:00,16426,Room Admin,31,In
2018-10-31 09:27:00,16425,Room Admin,30,In
2018-10-31 09:32:00,16423,Room Admin,30,In
2018-10-31 10:04:00,16414,Room Admin,30,In
2018-10-31 10:08:00,16413,Room Admin,30,In
2018-10-31 10:14:00,16412,Room Admin,30,In
2018-10-31 10:28:00,16406,Room Admin,30,In
2018-10-31 10:35:00,16402,Room Admin,30,In
2018-10-31 10:38:00,16401,Room Admin,30,In
2018-10-31 10:49:00,16399,Room Admin,30,In
2018-10-31 10:57:00,16395,Room Admin,30,In
2018-10-31 11:04:00,16392,Room Admin,30,In
2018-10-31 11:14:00,16391,Room Admin,30,In
2018-10-31 11:17:00,16389,Room Admin,30,In
2018-10-31 11:53:00,16384,Room Admin,30,In
2018-10-31 12:25:00,16375,Room Admin,30,In
2018-10-31 12:27:00,16374,Room Admin,30,In
2018-10-31 12:43:00,16371,Room Admin,31,In
2018-10-31 12:49:00,16369,Room Admin,31,In
2018-10-31 14:13:00,16362,Room Admin,32,In
2018-10-31 14:15:00,16361,Room Admin,31,In
2018-10-31 14:17:00,16359,Room Admin,32,In
2018-10-31 14:25:00,16357,Room Admin,31,In
2018-10-31 14:29:00,16355,Room Admin,32,In
2018-10-31 15:51:00,16340,Room Admin,32,In
2018-10-31 15:53:00,16338,Room Admin,32,In
2018-10-31 15:55:00,16337,Room Admin,32,In
2018-10-31 15:57:00,16336,Room Admin,32,In
2018-10-31 16:03:00,16334,Room Admin,32,In
2018-10-31 16:05:00,16332,Room Admin,32,In
2018-10-31 16:11:00,16329,Room Admin,32,In
2018-10-31 16:13:00,16328,Room Admin,32,In
2018-10-31 16:15:00,16327,Room Admin,32,In
2018-10-31 16:25:00,16324,Room Admin,32,In
2018-10-31 16:27:00,16323,Room Admin,32,In
2018-10-31 23:50:00,16225,Room Admin,32,In
2018-10-31 23:54:00,16222,Room Admin,32,In
