"noted_date","temperature_inside","__dt"
"2018-10-25 23:05:00","32","2022-03-29 00:00:00.000"
"2018-10-25 23:11:00","32","2022-03-29 00:00:00.000"
"2018-10-25 23:23:00","32","2022-03-29 00:00:00.000"
"2018-10-25 23:27:00","32","2022-03-29 00:00:00.000"
"2018-10-25 23:32:00","32","2022-03-29 00:00:00.000"
"2018-10-25 23:34:00","32","2022-03-29 00:00:00.000"
"2018-10-25 23:40:00","32","2022-03-29 00:00:00.000"
"2018-10-25 23:40:00","32","2022-03-29 00:00:00.000"
"2018-10-25 23:43:00","32","2022-03-29 00:00:00.000"
"2018-10-25 23:45:00","32","2022-03-29 00:00:00.000"
"2018-10-25 23:47:00","32","2022-03-29 00:00:00.000"
"2018-10-25 23:50:00","32","2022-03-29 00:00:00.000"
"2018-10-25 23:56:00","33","2022-03-29 00:00:00.000"
"2018-10-25 23:57:00","32","2022-03-29 00:00:00.000"
"2018-10-25 23:58:00","32","2022-03-29 00:00:00.000"
"2018-10-25 23:59:00","33","2022-03-29 00:00:00.000"
"2018-10-26 00:03:00","33","2022-03-29 00:00:00.000"
"2018-10-26 00:04:00","32","2022-03-29 00:00:00.000"
"2018-10-26 00:05:00","32","2022-03-29 00:00:00.000"
"2018-10-26 00:05:00","32","2022-03-29 00:00:00.000"
"2018-10-26 00:07:00","32","2022-03-29 00:00:00.000"
"2018-10-26 00:08:00","32","2022-03-29 00:00:00.000"
"2018-10-26 00:18:00","32","2022-03-29 00:00:00.000"
"2018-10-26 00:20:00","32","2022-03-29 00:00:00.000"
"2018-10-26 00:21:00","32","2022-03-29 00:00:00.000"
"2018-10-26 00:33:00","32","2022-03-29 00:00:00.000"
"2018-10-26 00:36:00","32","2022-03-29 00:00:00.000"
"2018-10-26 00:49:00","32","2022-03-29 00:00:00.000"
"2018-10-26 00:39:00","32","2022-03-29 00:00:00.000"
"2018-10-26 00:42:00","32","2022-03-29 00:00:00.000"
"2018-10-26 00:51:00","33","2022-03-29 00:00:00.000"
"2018-10-26 00:55:00","33","2022-03-29 00:00:00.000"
"2018-10-26 00:57:00","32","2022-03-29 00:00:00.000"
"2018-10-26 01:01:00","32","2022-03-29 00:00:00.000"
"2018-10-26 01:02:00","32","2022-03-29 00:00:00.000"
"2018-10-26 01:04:00","32","2022-03-29 00:00:00.000"
"2018-10-26 01:06:00","32","2022-03-29 00:00:00.000"
"2018-10-26 01:10:00","32","2022-03-29 00:00:00.000"
"2018-10-26 01:16:00","32","2022-03-29 00:00:00.000"
"2018-10-26 01:20:00","32","2022-03-29 00:00:00.000"
"2018-10-26 01:24:00","32","2022-03-29 00:00:00.000"
"2018-10-26 01:26:00","32","2022-03-29 00:00:00.000"
"2018-10-26 01:28:00","32","2022-03-29 00:00:00.000"
"2018-10-26 01:29:00","32","2022-03-29 00:00:00.000"
"2018-10-26 01:31:00","32","2022-03-29 00:00:00.000"
"2018-10-26 01:33:00","32","2022-03-29 00:00:00.000"
"2018-10-26 01:35:00","32","2022-03-29 00:00:00.000"
"2018-10-26 01:33:00","32","2022-03-29 00:00:00.000"
"2018-10-26 01:35:00","32","2022-03-29 00:00:00.000"
"2018-10-26 01:37:00","32","2022-03-29 00:00:00.000"
"2018-10-26 01:37:00","32","2022-03-29 00:00:00.000"
"2018-10-26 01:39:00","32","2022-03-29 00:00:00.000"
"2018-10-26 01:40:00","32","2022-03-29 00:00:00.000"
"2018-10-26 01:44:00","32","2022-03-29 00:00:00.000"
"2018-10-26 01:44:00","32","2022-03-29 00:00:00.000"
"2018-10-26 01:44:00","32","2022-03-29 00:00:00.000"
"2018-10-26 01:44:00","32","2022-03-29 00:00:00.000"
"2018-10-26 01:47:00","32","2022-03-29 00:00:00.000"
"2018-10-26 02:03:00","32","2022-03-29 00:00:00.000"
"2018-10-26 02:05:00","31","2022-03-29 00:00:00.000"
"2018-10-26 02:03:00","32","2022-03-29 00:00:00.000"
"2018-10-26 02:09:00","31","2022-03-29 00:00:00.000"
"2018-10-26 02:11:00","30","2022-03-29 00:00:00.000"
"2018-10-26 02:12:00","30","2022-03-29 00:00:00.000"
"2018-10-26 02:13:00","32","2022-03-29 00:00:00.000"
"2018-10-26 02:15:00","31","2022-03-29 00:00:00.000"
"2018-10-26 02:19:00","31","2022-03-29 00:00:00.000"
"2018-10-26 02:21:00","30","2022-03-29 00:00:00.000"
"2018-10-26 02:27:00","31","2022-03-29 00:00:00.000"
"2018-10-26 02:31:00","30","2022-03-29 00:00:00.000"
"2018-10-26 02:24:00","30","2022-03-29 00:00:00.000"
"2018-10-26 02:31:00","30","2022-03-29 00:00:00.000"
"2018-10-26 02:35:00","30","2022-03-29 00:00:00.000"
"2018-10-26 02:37:00","31","2022-03-29 00:00:00.000"
"2018-10-26 02:37:00","30","2022-03-29 00:00:00.000"
"2018-10-26 02:41:00","30","2022-03-29 00:00:00.000"
"2018-10-26 02:45:00","30","2022-03-29 00:00:00.000"
"2018-10-26 02:48:00","30","2022-03-29 00:00:00.000"
"2018-10-26 02:53:00","31","2022-03-29 00:00:00.000"
"2018-10-26 02:54:00","30","2022-03-29 00:00:00.000"
"2018-10-26 03:00:00","29","2022-03-29 00:00:00.000"
"2018-10-26 03:07:00","29","2022-03-29 00:00:00.000"
"2018-10-26 03:12:00","29","2022-03-29 00:00:00.000"
"2018-10-26 03:15:00","29","2022-03-29 00:00:00.000"
"2018-10-26 03:17:00","29","2022-03-29 00:00:00.000"
"2018-10-26 03:17:00","31","2022-03-29 00:00:00.000"
"2018-10-26 03:19:00","31","2022-03-29 00:00:00.000"
"2018-10-26 03:23:00","31","2022-03-29 00:00:00.000"
"2018-10-26 03:27:00","31","2022-03-29 00:00:00.000"
"2018-10-26 03:29:00","31","2022-03-29 00:00:00.000"
"2018-10-26 03:31:00","31","2022-03-29 00:00:00.000"
"2018-10-26 03:25:00","29","2022-03-29 00:00:00.000"
"2018-10-26 03:31:00","29","2022-03-29 00:00:00.000"
"2018-10-26 03:39:00","31","2022-03-29 00:00:00.000"
"2018-10-26 03:43:00","29","2022-03-29 00:00:00.000"
"2018-10-26 03:45:00","29","2022-03-29 00:00:00.000"
"2018-10-26 03:45:00","31","2022-03-29 00:00:00.000"
"2018-10-26 03:47:00","29","2022-03-29 00:00:00.000"
"2018-10-26 03:49:00","31","2022-03-29 00:00:00.000"
"2018-10-26 03:53:00","28","2022-03-29 00:00:00.000"
"2018-10-26 03:53:00","31","2022-03-29 00:00:00.000"
"2018-10-26 03:59:00","31","2022-03-29 00:00:00.000"
"2018-10-26 03:55:00","30","2022-03-29 00:00:00.000"
"2018-10-26 04:01:00","30","2022-03-29 00:00:00.000"
"2018-10-26 04:05:00","30","2022-03-29 00:00:00.000"
"2018-10-26 04:12:00","28","2022-03-29 00:00:00.000"
"2018-10-26 04:13:00","28","2022-03-29 00:00:00.000"
"2018-10-26 04:13:00","28","2022-03-29 00:00:00.000"
"2018-10-26 04:17:00","28","2022-03-29 00:00:00.000"
"2018-10-26 04:21:00","30","2022-03-29 00:00:00.000"
"2018-10-26 04:23:00","28","2022-03-29 00:00:00.000"
"2018-10-26 04:25:00","28","2022-03-29 00:00:00.000"
"2018-10-26 04:25:00","28","2022-03-29 00:00:00.000"
"2018-10-26 04:30:00","28","2022-03-29 00:00:00.000"
"2018-10-26 04:31:00","28","2022-03-29 00:00:00.000"
"2018-10-26 04:31:00","28","2022-03-29 00:00:00.000"
"2018-10-26 04:32:00","28","2022-03-29 00:00:00.000"
"2018-10-26 04:32:00","28","2022-03-29 00:00:00.000"
"2018-10-26 04:33:00","30","2022-03-29 00:00:00.000"
"2018-10-26 04:34:00","28","2022-03-29 00:00:00.000"
"2018-10-26 04:35:00","28","2022-03-29 00:00:00.000"
"2018-10-26 04:37:00","28","2022-03-29 00:00:00.000"
"2018-10-26 04:35:00","31","2022-03-29 00:00:00.000"
"2018-10-26 04:38:00","28","2022-03-29 00:00:00.000"
"2018-10-26 04:39:00","30","2022-03-29 00:00:00.000"
"2018-10-26 04:39:00","28","2022-03-29 00:00:00.000"
"2018-10-26 04:45:00","28","2022-03-29 00:00:00.000"
"2018-10-26 04:44:00","28","2022-03-29 00:00:00.000"
"2018-10-26 04:45:00","28","2022-03-29 00:00:00.000"
"2018-10-26 04:47:00","30","2022-03-29 00:00:00.000"
"2018-10-26 04:47:00","28","2022-03-29 00:00:00.000"
"2018-10-26 04:49:00","30","2022-03-29 00:00:00.000"
"2018-10-26 04:53:00","28","2022-03-29 00:00:00.000"
"2018-10-26 04:55:00","28","2022-03-29 00:00:00.000"
"2018-10-26 04:57:00","28","2022-03-29 00:00:00.000"
"2018-10-26 04:56:00","30","2022-03-29 00:00:00.000"
"2018-10-26 04:57:00","28","2022-03-29 00:00:00.000"
"2018-10-26 04:59:00","28","2022-03-29 00:00:00.000"
"2018-10-26 04:59:00","28","2022-03-29 00:00:00.000"
"2018-10-26 05:01:00","30","2022-03-29 00:00:00.000"
"2018-10-26 05:02:00","28","2022-03-29 00:00:00.000"
"2018-10-26 05:04:00","30","2022-03-29 00:00:00.000"
"2018-10-26 05:07:00","28","2022-03-29 00:00:00.000"
"2018-10-26 05:07:00","28","2022-03-29 00:00:00.000"
"2018-10-26 05:09:00","28","2022-03-29 00:00:00.000"
"2018-10-26 05:11:00","30","2022-03-29 00:00:00.000"
"2018-10-26 05:13:00","28","2022-03-29 00:00:00.000"
"2018-10-26 05:16:00","30","2022-03-29 00:00:00.000"
"2018-10-26 05:16:00","28","2022-03-29 00:00:00.000"
"2018-10-26 05:18:00","28","2022-03-29 00:00:00.000"
"2018-10-26 05:21:00","30","2022-03-29 00:00:00.000"
"2018-10-26 05:25:00","30","2022-03-29 00:00:00.000"
"2018-10-26 05:23:00","27","2022-03-29 00:00:00.000"
"2018-10-26 05:26:00","28","2022-03-29 00:00:00.000"
"2018-10-26 05:27:00","28","2022-03-29 00:00:00.000"
"2018-10-26 05:27:00","28","2022-03-29 00:00:00.000"
"2018-10-26 05:28:00","30","2022-03-29 00:00:00.000"
"2018-10-26 05:37:00","30","2022-03-29 00:00:00.000"
"2018-10-26 05:42:00","28","2022-03-29 00:00:00.000"
"2018-10-26 05:39:00","28","2022-03-29 00:00:00.000"
"2018-10-26 05:52:00","30","2022-03-29 00:00:00.000"
"2018-10-26 05:57:00","28","2022-03-29 00:00:00.000"
"2018-10-26 05:45:00","28","2022-03-29 00:00:00.000"
"2018-10-26 05:58:00","30","2022-03-29 00:00:00.000"
"2018-10-26 05:59:00","28","2022-03-29 00:00:00.000"
"2018-10-26 06:00:00","28","2022-03-29 00:00:00.000"
"2018-10-26 06:00:00","28","2022-03-29 00:00:00.000"
"2018-10-26 06:07:00","29","2022-03-29 00:00:00.000"
"2018-10-26 06:10:00","30","2022-03-29 00:00:00.000"
"2018-10-26 06:16:00","27","2022-03-29 00:00:00.000"
"2018-10-26 06:24:00","30","2022-03-29 00:00:00.000"
"2018-10-26 06:26:00","30","2022-03-29 00:00:00.000"
"2018-10-26 06:18:00","27","2022-03-29 00:00:00.000"
"2018-10-26 06:29:00","27","2022-03-29 00:00:00.000"
"2018-10-26 06:34:00","30","2022-03-29 00:00:00.000"
"2018-10-26 06:35:00","27","2022-03-29 00:00:00.000"
"2018-10-26 06:38:00","30","2022-03-29 00:00:00.000"
"2018-10-26 06:41:00","30","2022-03-29 00:00:00.000"
"2018-10-26 06:43:00","30","2022-03-29 00:00:00.000"
"2018-10-26 06:46:00","28","2022-03-29 00:00:00.000"
"2018-10-26 06:50:00","28","2022-03-29 00:00:00.000"
"2018-10-26 06:52:00","28","2022-03-29 00:00:00.000"
"2018-10-26 06:49:00","28","2022-03-29 00:00:00.000"
"2018-10-26 06:53:00","28","2022-03-29 00:00:00.000"
"2018-10-26 06:53:00","28","2022-03-29 00:00:00.000"
"2018-10-26 06:54:00","30","2022-03-29 00:00:00.000"
"2018-10-26 06:58:00","28","2022-03-29 00:00:00.000"
"2018-10-26 07:02:00","28","2022-03-29 00:00:00.000"
"2018-10-26 07:03:00","30","2022-03-29 00:00:00.000"
"2018-10-26 07:03:00","28","2022-03-29 00:00:00.000"
"2018-10-26 07:11:00","28","2022-03-29 00:00:00.000"
"2018-10-26 07:09:00","30","2022-03-29 00:00:00.000"
"2018-10-26 07:06:00","28","2022-03-29 00:00:00.000"
"2018-10-26 07:13:00","30","2022-03-29 00:00:00.000"
"2018-10-26 07:13:00","27","2022-03-29 00:00:00.000"
"2018-10-26 07:16:00","30","2022-03-29 00:00:00.000"
"2018-10-26 07:26:00","30","2022-03-29 00:00:00.000"
"2018-10-26 07:26:00","27","2022-03-29 00:00:00.000"
"2018-10-26 07:27:00","27","2022-03-29 00:00:00.000"
"2018-10-26 07:27:00","27","2022-03-29 00:00:00.000"
"2018-10-26 07:28:00","27","2022-03-29 00:00:00.000"
"2018-10-26 07:29:00","27","2022-03-29 00:00:00.000"
"2018-10-26 07:31:00","27","2022-03-29 00:00:00.000"
"2018-10-26 07:36:00","27","2022-03-29 00:00:00.000"
"2018-10-26 07:37:00","30","2022-03-29 00:00:00.000"
"2018-10-26 07:40:00","30","2022-03-29 00:00:00.000"
"2018-10-26 07:43:00","30","2022-03-29 00:00:00.000"
"2018-10-26 07:46:00","30","2022-03-29 00:00:00.000"
"2018-10-26 07:46:00","27","2022-03-29 00:00:00.000"
"2018-10-26 07:50:00","30","2022-03-29 00:00:00.000"
"2018-10-26 07:56:00","30","2022-03-29 00:00:00.000"
"2018-10-26 08:01:00","29","2022-03-29 00:00:00.000"
"2018-10-26 07:58:00","29","2022-03-29 00:00:00.000"
"2018-10-26 08:08:00","29","2022-03-29 00:00:00.000"
"2018-10-26 08:01:00","27","2022-03-29 00:00:00.000"
"2018-10-26 08:24:00","29","2022-03-29 00:00:00.000"
"2018-10-26 08:31:00","29","2022-03-29 00:00:00.000"
"2018-10-26 08:36:00","29","2022-03-29 00:00:00.000"
"2018-10-26 08:37:00","27","2022-03-29 00:00:00.000"
"2018-10-26 08:41:00","29","2022-03-29 00:00:00.000"
"2018-10-26 08:45:00","30","2022-03-29 00:00:00.000"
"2018-10-26 08:50:00","29","2022-03-29 00:00:00.000"
"2018-10-26 08:50:00","27","2022-03-29 00:00:00.000"
"2018-10-26 08:47:00","29","2022-03-29 00:00:00.000"
"2018-10-26 08:54:00","29","2022-03-29 00:00:00.000"
"2018-10-26 08:56:00","27","2022-03-29 00:00:00.000"
"2018-10-26 09:01:00","27","2022-03-29 00:00:00.000"
"2018-10-27 06:15:00","31","2022-03-29 00:00:00.000"
"2018-10-27 06:15:00","30","2022-03-29 00:00:00.000"
"2018-10-27 06:22:00","29","2022-03-29 00:00:00.000"
"2018-10-27 06:23:00","29","2022-03-29 00:00:00.000"
"2018-10-27 06:23:00","29","2022-03-29 00:00:00.000"
"2018-10-27 06:24:00","29","2022-03-29 00:00:00.000"
"2018-10-27 06:23:00","29","2022-03-29 00:00:00.000"
"2018-10-27 06:24:00","29","2022-03-29 00:00:00.000"
"2018-10-27 06:26:00","29","2022-03-29 00:00:00.000"
"2018-10-27 06:27:00","30","2022-03-29 00:00:00.000"
"2018-10-27 06:29:00","30","2022-03-29 00:00:00.000"
"2018-10-27 06:38:00","30","2022-03-29 00:00:00.000"
"2018-10-27 06:30:00","30","2022-03-29 00:00:00.000"
"2018-10-27 06:39:00","31","2022-03-29 00:00:00.000"
"2018-10-27 06:41:00","32","2022-03-29 00:00:00.000"
"2018-10-27 06:39:00","31","2022-03-29 00:00:00.000"
"2018-10-27 06:40:00","31","2022-03-29 00:00:00.000"
"2018-10-27 06:41:00","31","2022-03-29 00:00:00.000"
"2018-10-27 06:42:00","32","2022-03-29 00:00:00.000"
"2018-10-27 06:45:00","32","2022-03-29 00:00:00.000"
"2018-10-27 06:42:00","32","2022-03-29 00:00:00.000"
"2018-10-27 06:44:00","32","2022-03-29 00:00:00.000"
"2018-10-27 06:46:00","32","2022-03-29 00:00:00.000"
"2018-10-27 06:46:00","32","2022-03-29 00:00:00.000"
"2018-10-27 06:47:00","32","2022-03-29 00:00:00.000"
"2018-10-27 06:48:00","32","2022-03-29 00:00:00.000"
"2018-10-27 06:50:00","32","2022-03-29 00:00:00.000"
"2018-10-27 06:50:00","32","2022-03-29 00:00:00.000"
"2018-10-27 06:51:00","32","2022-03-29 00:00:00.000"
"2018-10-27 06:51:00","32","2022-03-29 00:00:00.000"
"2018-10-27 06:52:00","32","2022-03-29 00:00:00.000"
"2018-10-27 06:53:00","33","2022-03-29 00:00:00.000"
"2018-10-27 06:55:00","32","2022-03-29 00:00:00.000"
"2018-10-27 06:56:00","32","2022-03-29 00:00:00.000"
"2018-10-27 06:56:00","32","2022-03-29 00:00:00.000"
"2018-10-27 06:56:00","32","2022-03-29 00:00:00.000"
"2018-10-27 06:57:00","33","2022-03-29 00:00:00.000"
"2018-10-27 06:57:00","32","2022-03-29 00:00:00.000"
"2018-10-27 07:00:00","32","2022-03-29 00:00:00.000"
"2018-10-27 07:02:00","32","2022-03-29 00:00:00.000"
"2018-10-27 07:02:00","32","2022-03-29 00:00:00.000"
"2018-10-27 07:02:00","32","2022-03-29 00:00:00.000"
"2018-10-27 07:02:00","32","2022-03-29 00:00:00.000"
"2018-10-27 07:03:00","32","2022-03-29 00:00:00.000"
"2018-10-27 07:03:00","32","2022-03-29 00:00:00.000"
"2018-10-27 07:05:00","32","2022-03-29 00:00:00.000"
"2018-10-27 07:07:00","32","2022-03-29 00:00:00.000"
"2018-10-27 07:04:00","32","2022-03-29 00:00:00.000"
"2018-10-27 07:07:00","32","2022-03-29 00:00:00.000"
"2018-10-27 07:07:00","32","2022-03-29 00:00:00.000"
"2018-10-27 07:08:00","32","2022-03-29 00:00:00.000"
"2018-10-27 07:08:00","32","2022-03-29 00:00:00.000"
"2018-10-27 07:08:00","32","2022-03-29 00:00:00.000"
"2018-10-27 07:09:00","32","2022-03-29 00:00:00.000"
"2018-10-27 07:09:00","32","2022-03-29 00:00:00.000"
"2018-10-27 07:10:00","32","2022-03-29 00:00:00.000"
"2018-10-27 07:10:00","32","2022-03-29 00:00:00.000"
"2018-10-27 07:11:00","32","2022-03-29 00:00:00.000"
"2018-10-27 07:11:00","32","2022-03-29 00:00:00.000"
"2018-10-27 07:13:00","32","2022-03-29 00:00:00.000"
"2018-10-27 07:15:00","32","2022-03-29 00:00:00.000"
"2018-10-27 07:14:00","32","2022-03-29 00:00:00.000"
"2018-10-27 07:13:00","32","2022-03-29 00:00:00.000"
"2018-10-27 07:17:00","33","2022-03-29 00:00:00.000"
"2018-10-27 07:15:00","32","2022-03-29 00:00:00.000"
"2018-10-27 07:17:00","32","2022-03-29 00:00:00.000"
"2018-10-27 07:17:00","32","2022-03-29 00:00:00.000"
"2018-10-27 07:18:00","32","2022-03-29 00:00:00.000"
"2018-10-27 07:18:00","32","2022-03-29 00:00:00.000"
"2018-10-27 07:18:00","33","2022-03-29 00:00:00.000"
"2018-10-27 07:21:00","33","2022-03-29 00:00:00.000"
"2018-10-27 07:20:00","33","2022-03-29 00:00:00.000"
"2018-10-27 07:21:00","33","2022-03-29 00:00:00.000"
"2018-10-27 07:21:00","33","2022-03-29 00:00:00.000"
"2018-10-27 07:21:00","33","2022-03-29 00:00:00.000"
"2018-10-27 07:24:00","33","2022-03-29 00:00:00.000"
"2018-10-27 07:22:00","33","2022-03-29 00:00:00.000"
"2018-10-27 07:22:00","33","2022-03-29 00:00:00.000"
"2018-10-27 07:25:00","33","2022-03-29 00:00:00.000"
"2018-10-27 07:26:00","33","2022-03-29 00:00:00.000"
"2018-10-27 07:29:00","33","2022-03-29 00:00:00.000"
"2018-10-27 07:26:00","33","2022-03-29 00:00:00.000"
"2018-10-27 07:29:00","33","2022-03-29 00:00:00.000"
"2018-10-27 07:30:00","33","2022-03-29 00:00:00.000"
"2018-10-27 07:31:00","33","2022-03-29 00:00:00.000"
"2018-10-27 07:34:00","33","2022-03-29 00:00:00.000"
"2018-10-27 07:35:00","33","2022-03-29 00:00:00.000"
"2018-10-27 07:35:00","32","2022-03-29 00:00:00.000"
"2018-10-27 07:37:00","32","2022-03-29 00:00:00.000"
"2018-10-27 07:38:00","33","2022-03-29 00:00:00.000"
"2018-10-27 07:40:00","33","2022-03-29 00:00:00.000"
"2018-10-27 07:40:00","33","2022-03-29 00:00:00.000"
"2018-10-27 07:41:00","33","2022-03-29 00:00:00.000"
"2018-10-27 07:42:00","33","2022-03-29 00:00:00.000"
"2018-10-27 07:44:00","32","2022-03-29 00:00:00.000"
"2018-10-27 07:46:00","32","2022-03-29 00:00:00.000"
"2018-10-27 07:46:00","33","2022-03-29 00:00:00.000"
"2018-10-27 07:46:00","32","2022-03-29 00:00:00.000"
"2018-10-27 07:48:00","32","2022-03-29 00:00:00.000"
"2018-10-27 07:48:00","32","2022-03-29 00:00:00.000"
"2018-10-27 07:48:00","32","2022-03-29 00:00:00.000"
"2018-10-27 07:50:00","32","2022-03-29 00:00:00.000"
"2018-10-27 07:51:00","32","2022-03-29 00:00:00.000"
"2018-10-27 07:52:00","33","2022-03-29 00:00:00.000"
"2018-10-27 07:52:00","33","2022-03-29 00:00:00.000"
"2018-10-27 07:53:00","32","2022-03-29 00:00:00.000"
"2018-10-27 07:55:00","33","2022-03-29 00:00:00.000"
"2018-10-27 07:53:00","32","2022-03-29 00:00:00.000"
"2018-10-27 07:54:00","33","2022-03-29 00:00:00.000"
"2018-10-27 07:55:00","33","2022-03-29 00:00:00.000"
"2018-10-27 07:56:00","33","2022-03-29 00:00:00.000"
"2018-10-27 07:58:00","33","2022-03-29 00:00:00.000"
"2018-10-27 07:58:00","33","2022-03-29 00:00:00.000"
"2018-10-27 07:59:00","33","2022-03-29 00:00:00.000"
"2018-10-27 07:59:00","33","2022-03-29 00:00:00.000"
"2018-10-27 07:59:00","33","2022-03-29 00:00:00.000"
"2018-10-27 08:01:00","33","2022-03-29 00:00:00.000"
"2018-10-27 07:59:00","33","2022-03-29 00:00:00.000"
"2018-10-27 08:00:00","33","2022-03-29 00:00:00.000"
"2018-10-27 08:01:00","33","2022-03-29 00:00:00.000"
"2018-10-27 08:02:00","33","2022-03-29 00:00:00.000"
"2018-10-27 08:03:00","33","2022-03-29 00:00:00.000"
"2018-10-27 08:05:00","33","2022-03-29 00:00:00.000"
"2018-10-27 08:05:00","33","2022-03-29 00:00:00.000"
"2018-10-27 08:06:00","33","2022-03-29 00:00:00.000"
"2018-10-27 08:07:00","33","2022-03-29 00:00:00.000"
"2018-10-27 08:11:00","33","2022-03-29 00:00:00.000"
"2018-10-27 08:08:00","33","2022-03-29 00:00:00.000"
"2018-10-27 08:10:00","33","2022-03-29 00:00:00.000"
"2018-10-27 08:13:00","33","2022-03-29 00:00:00.000"
"2018-10-27 08:14:00","33","2022-03-29 00:00:00.000"
"2018-10-27 08:14:00","33","2022-03-29 00:00:00.000"
"2018-10-27 08:15:00","33","2022-03-29 00:00:00.000"
"2018-10-27 08:15:00","33","2022-03-29 00:00:00.000"
"2018-10-27 08:18:00","33","2022-03-29 00:00:00.000"
"2018-10-27 08:16:00","33","2022-03-29 00:00:00.000"
"2018-10-27 08:18:00","33","2022-03-29 00:00:00.000"
"2018-10-27 08:21:00","33","2022-03-29 00:00:00.000"
"2018-10-27 08:21:00","33","2022-03-29 00:00:00.000"
"2018-10-27 08:22:00","33","2022-03-29 00:00:00.000"
"2018-10-27 08:22:00","33","2022-03-29 00:00:00.000"
"2018-10-27 08:23:00","33","2022-03-29 00:00:00.000"
"2018-10-27 08:23:00","33","2022-03-29 00:00:00.000"
"2018-10-27 08:25:00","33","2022-03-29 00:00:00.000"
"2018-10-27 08:26:00","33","2022-03-29 00:00:00.000"
"2018-10-27 08:26:00","33","2022-03-29 00:00:00.000"
"2018-10-27 08:27:00","33","2022-03-29 00:00:00.000"
"2018-10-27 08:30:00","33","2022-03-29 00:00:00.000"
"2018-10-27 08:29:00","33","2022-03-29 00:00:00.000"
"2018-10-27 08:30:00","33","2022-03-29 00:00:00.000"
"2018-10-27 08:31:00","33","2022-03-29 00:00:00.000"
"2018-10-27 08:31:00","33","2022-03-29 00:00:00.000"
"2018-10-27 08:33:00","33","2022-03-29 00:00:00.000"
"2018-10-27 08:34:00","33","2022-03-29 00:00:00.000"
"2018-10-27 08:34:00","33","2022-03-29 00:00:00.000"
"2018-10-27 08:36:00","33","2022-03-29 00:00:00.000"
"2018-10-27 08:38:00","33","2022-03-29 00:00:00.000"
"2018-10-27 08:39:00","32","2022-03-29 00:00:00.000"
"2018-10-27 08:40:00","33","2022-03-29 00:00:00.000"
"2018-10-27 08:38:00","33","2022-03-29 00:00:00.000"
"2018-10-27 08:40:00","33","2022-03-29 00:00:00.000"
"2018-10-27 08:40:00","33","2022-03-29 00:00:00.000"
"2018-10-27 08:41:00","33","2022-03-29 00:00:00.000"
"2018-10-27 08:41:00","33","2022-03-29 00:00:00.000"
"2018-10-27 08:43:00","33","2022-03-29 00:00:00.000"
"2018-10-27 08:46:00","33","2022-03-29 00:00:00.000"
"2018-10-27 08:47:00","33","2022-03-29 00:00:00.000"
"2018-10-27 08:48:00","33","2022-03-29 00:00:00.000"
"2018-10-27 08:47:00","33","2022-03-29 00:00:00.000"
"2018-10-27 08:48:00","33","2022-03-29 00:00:00.000"
"2018-10-27 08:48:00","33","2022-03-29 00:00:00.000"
"2018-10-27 08:49:00","33","2022-03-29 00:00:00.000"
"2018-10-27 08:50:00","33","2022-03-29 00:00:00.000"
"2018-10-27 08:50:00","33","2022-03-29 00:00:00.000"
"2018-10-27 08:52:00","33","2022-03-29 00:00:00.000"
"2018-10-27 08:52:00","33","2022-03-29 00:00:00.000"
"2018-10-27 08:53:00","33","2022-03-29 00:00:00.000"
"2018-10-27 08:53:00","33","2022-03-29 00:00:00.000"
"2018-10-27 08:54:00","33","2022-03-29 00:00:00.000"
"2018-10-27 08:54:00","33","2022-03-29 00:00:00.000"
"2018-10-27 08:56:00","33","2022-03-29 00:00:00.000"
"2018-10-27 08:57:00","33","2022-03-29 00:00:00.000"
"2018-10-27 09:00:00","33","2022-03-29 00:00:00.000"
"2018-10-27 08:59:00","33","2022-03-29 00:00:00.000"
"2018-10-27 09:00:00","33","2022-03-29 00:00:00.000"
"2018-10-27 09:00:00","33","2022-03-29 00:00:00.000"
"2018-10-27 09:00:00","33","2022-03-29 00:00:00.000"
"2018-10-27 09:01:00","33","2022-03-29 00:00:00.000"
"2018-10-27 09:01:00","33","2022-03-29 00:00:00.000"
"2018-10-27 09:03:00","33","2022-03-29 00:00:00.000"
"2018-10-27 09:03:00","33","2022-03-29 00:00:00.000"
"2018-10-27 09:05:00","33","2022-03-29 00:00:00.000"
"2018-10-27 09:05:00","33","2022-03-29 00:00:00.000"
"2018-10-27 09:05:00","33","2022-03-29 00:00:00.000"
"2018-10-27 09:06:00","33","2022-03-29 00:00:00.000"
"2018-10-27 09:06:00","33","2022-03-29 00:00:00.000"
"2018-10-27 09:07:00","33","2022-03-29 00:00:00.000"
"2018-10-27 09:07:00","33","2022-03-29 00:00:00.000"
"2018-10-27 09:10:00","33","2022-03-29 00:00:00.000"
"2018-10-27 09:09:00","33","2022-03-29 00:00:00.000"
"2018-10-27 09:11:00","33","2022-03-29 00:00:00.000"
"2018-10-27 09:12:00","33","2022-03-29 00:00:00.000"
"2018-10-27 09:12:00","33","2022-03-29 00:00:00.000"
"2018-10-27 09:12:00","33","2022-03-29 00:00:00.000"
"2018-10-27 09:13:00","33","2022-03-29 00:00:00.000"
"2018-10-27 09:15:00","33","2022-03-29 00:00:00.000"
"2018-10-27 09:17:00","33","2022-03-29 00:00:00.000"
"2018-10-27 09:17:00","33","2022-03-29 00:00:00.000"
"2018-10-27 09:17:00","33","2022-03-29 00:00:00.000"
"2018-10-27 09:20:00","33","2022-03-29 00:00:00.000"
"2018-10-27 09:18:00","33","2022-03-29 00:00:00.000"
"2018-10-27 09:20:00","33","2022-03-29 00:00:00.000"
"2018-10-27 09:21:00","33","2022-03-29 00:00:00.000"
"2018-10-27 09:21:00","32","2022-03-29 00:00:00.000"
"2018-10-27 09:21:00","33","2022-03-29 00:00:00.000"
"2018-10-27 09:22:00","32","2022-03-29 00:00:00.000"
"2018-10-27 09:22:00","32","2022-03-29 00:00:00.000"
"2018-10-27 09:22:00","33","2022-03-29 00:00:00.000"
"2018-10-27 09:24:00","32","2022-03-29 00:00:00.000"
"2018-10-27 09:24:00","32","2022-03-29 00:00:00.000"
"2018-10-27 09:25:00","33","2022-03-29 00:00:00.000"
"2018-10-27 09:26:00","33","2022-03-29 00:00:00.000"
"2018-10-27 09:26:00","33","2022-03-29 00:00:00.000"
"2018-10-27 09:26:00","33","2022-03-29 00:00:00.000"
"2018-10-27 09:27:00","33","2022-03-29 00:00:00.000"
"2018-10-27 09:28:00","33","2022-03-29 00:00:00.000"
"2018-10-27 09:28:00","33","2022-03-29 00:00:00.000"
"2018-10-27 09:30:00","32","2022-03-29 00:00:00.000"
"2018-10-27 09:31:00","33","2022-03-29 00:00:00.000"
"2018-10-27 09:32:00","33","2022-03-29 00:00:00.000"
"2018-10-27 09:30:00","33","2022-03-29 00:00:00.000"
"2018-10-27 09:35:00","33","2022-03-29 00:00:00.000"
"2018-10-27 09:34:00","33","2022-03-29 00:00:00.000"
"2018-10-27 09:36:00","33","2022-03-29 00:00:00.000"
"2018-10-27 09:37:00","33","2022-03-29 00:00:00.000"
"2018-10-27 09:38:00","33","2022-03-29 00:00:00.000"
"2018-10-27 09:40:00","33","2022-03-29 00:00:00.000"
"2018-10-27 09:40:00","33","2022-03-29 00:00:00.000"
"2018-10-27 09:42:00","33","2022-03-29 00:00:00.000"
"2018-10-27 09:41:00","33","2022-03-29 00:00:00.000"
"2018-10-27 09:42:00","33","2022-03-29 00:00:00.000"
"2018-10-27 09:41:00","33","2022-03-29 00:00:00.000"
"2018-10-27 09:43:00","33","2022-03-29 00:00:00.000"
"2018-10-27 09:44:00","33","2022-03-29 00:00:00.000"
"2018-10-27 09:44:00","33","2022-03-29 00:00:00.000"
"2018-10-27 09:44:00","33","2022-03-29 00:00:00.000"
"2018-10-27 09:47:00","33","2022-03-29 00:00:00.000"
"2018-10-27 09:47:00","33","2022-03-29 00:00:00.000"
"2018-10-27 09:49:00","33","2022-03-29 00:00:00.000"
"2018-10-27 09:50:00","33","2022-03-29 00:00:00.000"
"2018-10-27 09:50:00","33","2022-03-29 00:00:00.000"
"2018-10-27 09:52:00","33","2022-03-29 00:00:00.000"
"2018-10-27 09:53:00","33","2022-03-29 00:00:00.000"
"2018-10-27 09:53:00","33","2022-03-29 00:00:00.000"
"2018-10-27 09:55:00","33","2022-03-29 00:00:00.000"
"2018-10-27 09:59:00","33","2022-03-29 00:00:00.000"
"2018-10-27 10:00:00","33","2022-03-29 00:00:00.000"
"2018-10-27 10:00:00","33","2022-03-29 00:00:00.000"
"2018-10-27 10:01:00","33","2022-03-29 00:00:00.000"
"2018-10-27 10:05:00","33","2022-03-29 00:00:00.000"
"2018-10-27 10:04:00","33","2022-03-29 00:00:00.000"
"2018-10-27 10:07:00","33","2022-03-29 00:00:00.000"
"2018-10-27 10:09:00","33","2022-03-29 00:00:00.000"
"2018-10-27 10:09:00","33","2022-03-29 00:00:00.000"
"2018-10-27 10:10:00","33","2022-03-29 00:00:00.000"
"2018-10-27 10:10:00","33","2022-03-29 00:00:00.000"
"2018-10-27 10:11:00","33","2022-03-29 00:00:00.000"
"2018-10-27 10:12:00","33","2022-03-29 00:00:00.000"
"2018-10-27 10:13:00","33","2022-03-29 00:00:00.000"
"2018-10-27 10:14:00","33","2022-03-29 00:00:00.000"
"2018-10-27 10:13:00","33","2022-03-29 00:00:00.000"
"2018-10-27 10:15:00","33","2022-03-29 00:00:00.000"
"2018-10-27 10:17:00","33","2022-03-29 00:00:00.000"
"2018-10-27 10:19:00","33","2022-03-29 00:00:00.000"
"2018-10-27 10:52:00","33","2022-03-29 00:00:00.000"
"2018-10-27 10:54:00","34","2022-03-29 00:00:00.000"
"2018-10-27 11:17:00","33","2022-03-29 00:00:00.000"
"2018-10-27 11:23:00","33","2022-03-29 00:00:00.000"
"2018-10-27 11:33:00","33","2022-03-29 00:00:00.000"
"2018-10-27 14:00:00","34","2022-03-29 00:00:00.000"
"2018-10-27 12:35:00","33","2022-03-29 00:00:00.000"
"2018-10-27 11:35:00","33","2022-03-29 00:00:00.000"
"2018-10-27 14:08:00","34","2022-03-29 00:00:00.000"
"2018-10-27 14:10:00","34","2022-03-29 00:00:00.000"
"2018-10-27 15:01:00","33","2022-03-29 00:00:00.000"
"2018-10-27 15:05:00","33","2022-03-29 00:00:00.000"
"2018-10-27 15:11:00","33","2022-03-29 00:00:00.000"
"2018-10-27 15:15:00","33","2022-03-29 00:00:00.000"
"2018-10-27 15:17:00","33","2022-03-29 00:00:00.000"
"2018-10-27 15:23:00","33","2022-03-29 00:00:00.000"
"2018-10-27 17:08:00","33","2022-03-29 00:00:00.000"
"2018-10-27 17:10:00","33","2022-03-29 00:00:00.000"
"2018-10-27 17:12:00","33","2022-03-29 00:00:00.000"
"2018-10-27 17:40:00","33","2022-03-29 00:00:00.000"
"2018-10-27 17:42:00","33","2022-03-29 00:00:00.000"
"2018-10-27 18:26:00","33","2022-03-29 00:00:00.000"
"2018-10-27 18:28:00","34","2022-03-29 00:00:00.000"
"2018-10-27 19:56:00","33","2022-03-29 00:00:00.000"
"2018-10-27 19:58:00","34","2022-03-29 00:00:00.000"
"2018-10-27 20:00:00","34","2022-03-29 00:00:00.000"
"2018-10-27 20:02:00","34","2022-03-29 00:00:00.000"
"2018-10-27 20:04:00","34","2022-03-29 00:00:00.000"
"2018-10-27 20:30:00","33","2022-03-29 00:00:00.000"
"2018-10-27 20:50:00","33","2022-03-29 00:00:00.000"
"2018-10-27 20:32:00","34","2022-03-29 00:00:00.000"
"2018-10-27 20:52:00","34","2022-03-29 00:00:00.000"
"2018-10-27 20:54:00","34","2022-03-29 00:00:00.000"
"2018-10-27 20:56:00","34","2022-03-29 00:00:00.000"
"2018-10-27 21:14:00","33","2022-03-29 00:00:00.000"
"2018-10-27 21:16:00","34","2022-03-29 00:00:00.000"
"2018-10-27 21:36:00","34","2022-03-29 00:00:00.000"
"2018-10-27 21:28:00","33","2022-03-29 00:00:00.000"
"2018-10-27 21:38:00","33","2022-03-29 00:00:00.000"
"2018-10-27 21:40:00","34","2022-03-29 00:00:00.000"
"2018-10-27 21:42:00","33","2022-03-29 00:00:00.000"
"2018-10-27 21:46:00","34","2022-03-29 00:00:00.000"
"2018-10-27 21:48:00","33","2022-03-29 00:00:00.000"
"2018-10-27 21:50:00","34","2022-03-29 00:00:00.000"
"2018-10-27 21:54:00","33","2022-03-29 00:00:00.000"
"2018-10-27 21:56:00","34","2022-03-29 00:00:00.000"
"2018-10-27 22:26:00","33","2022-03-29 00:00:00.000"
"2018-10-27 22:00:00","33","2022-03-29 00:00:00.000"
"2018-10-27 22:28:00","33","2022-03-29 00:00:00.000"
"2018-10-27 22:28:00","34","2022-03-29 00:00:00.000"
"2018-10-27 22:30:00","33","2022-03-29 00:00:00.000"
"2018-10-27 22:30:00","33","2022-03-29 00:00:00.000"
"2018-10-27 22:34:00","33","2022-03-29 00:00:00.000"
"2018-10-27 22:36:00","33","2022-03-29 00:00:00.000"
"2018-10-27 22:40:00","33","2022-03-29 00:00:00.000"
"2018-10-27 22:38:00","33","2022-03-29 00:00:00.000"
"2018-10-27 22:46:00","33","2022-03-29 00:00:00.000"
"2018-10-27 22:44:00","33","2022-03-29 00:00:00.000"
"2018-10-27 22:44:00","34","2022-03-29 00:00:00.000"
"2018-10-27 22:48:00","33","2022-03-29 00:00:00.000"
"2018-10-27 22:50:00","33","2022-03-29 00:00:00.000"
"2018-10-27 22:52:00","33","2022-03-29 00:00:00.000"
"2018-10-27 22:50:00","34","2022-03-29 00:00:00.000"
"2018-10-27 23:22:00","33","2022-03-29 00:00:00.000"
"2018-10-27 23:24:00","33","2022-03-29 00:00:00.000"
"2018-10-27 23:57:00","33","2022-03-29 00:00:00.000"
"2018-10-28 00:28:00","33","2022-03-29 00:00:00.000"
"2018-10-28 00:26:00","33","2022-03-29 00:00:00.000"
"2018-10-27 23:59:00","33","2022-03-29 00:00:00.000"
"2018-10-28 00:30:00","33","2022-03-29 00:00:00.000"
"2018-10-28 00:32:00","33","2022-03-29 00:00:00.000"
"2018-10-28 00:45:00","33","2022-03-29 00:00:00.000"
"2018-10-28 00:47:00","33","2022-03-29 00:00:00.000"
"2018-10-28 00:49:00","33","2022-03-29 00:00:00.000"
"2018-10-28 00:59:00","33","2022-03-29 00:00:00.000"
"2018-10-28 01:31:00","33","2022-03-29 00:00:00.000"
"2018-10-28 01:57:00","34","2022-03-29 00:00:00.000"
"2018-10-28 01:59:00","33","2022-03-29 00:00:00.000"
"2018-10-28 01:59:00","33","2022-03-29 00:00:00.000"
"2018-10-28 02:01:00","33","2022-03-29 00:00:00.000"
"2018-10-28 02:13:00","33","2022-03-29 00:00:00.000"
"2018-10-28 02:15:00","33","2022-03-29 00:00:00.000"
"2018-10-28 02:19:00","33","2022-03-29 00:00:00.000"
"2018-10-28 02:21:00","33","2022-03-29 00:00:00.000"
"2018-10-28 02:41:00","33","2022-03-29 00:00:00.000"
"2018-10-28 02:43:00","33","2022-03-29 00:00:00.000"
"2018-10-28 02:55:00","33","2022-03-29 00:00:00.000"
"2018-10-28 02:57:00","33","2022-03-29 00:00:00.000"
"2018-10-28 03:09:00","33","2022-03-29 00:00:00.000"
"2018-10-28 03:11:00","33","2022-03-29 00:00:00.000"
"2018-10-28 03:25:00","33","2022-03-29 00:00:00.000"
"2018-10-28 03:37:00","33","2022-03-29 00:00:00.000"
"2018-10-28 03:39:00","33","2022-03-29 00:00:00.000"
"2018-10-28 03:41:00","33","2022-03-29 00:00:00.000"
"2018-10-28 04:01:00","34","2022-03-29 00:00:00.000"
"2018-10-28 04:03:00","33","2022-03-29 00:00:00.000"
"2018-10-28 04:13:00","34","2022-03-29 00:00:00.000"
"2018-10-28 04:23:00","33","2022-03-29 00:00:00.000"
"2018-10-28 04:21:00","34","2022-03-29 00:00:00.000"
"2018-10-28 04:15:00","33","2022-03-29 00:00:00.000"
"2018-10-28 04:33:00","34","2022-03-29 00:00:00.000"
"2018-10-28 04:35:00","33","2022-03-29 00:00:00.000"
"2018-10-28 04:37:00","34","2022-03-29 00:00:00.000"
"2018-10-28 04:39:00","33","2022-03-29 00:00:00.000"
"2018-10-28 04:43:00","34","2022-03-29 00:00:00.000"
"2018-10-28 04:51:00","33","2022-03-29 00:00:00.000"
"2018-10-28 04:53:00","34","2022-03-29 00:00:00.000"
"2018-10-28 05:05:00","33","2022-03-29 00:00:00.000"
"2018-10-28 04:59:00","33","2022-03-29 00:00:00.000"
"2018-10-28 05:07:00","33","2022-03-29 00:00:00.000"
"2018-10-28 05:21:00","33","2022-03-29 00:00:00.000"
"2018-10-30 01:50:00","33","2022-03-29 00:00:00.000"
"2018-10-30 02:06:00","33","2022-03-29 00:00:00.000"
"2018-10-30 01:52:00","33","2022-03-29 00:00:00.000"
"2018-10-30 02:48:00","33","2022-03-29 00:00:00.000"
"2018-10-30 02:54:00","33","2022-03-29 00:00:00.000"
"2018-10-30 03:02:00","33","2022-03-29 00:00:00.000"
"2018-10-30 03:04:00","32","2022-03-29 00:00:00.000"
"2018-10-30 03:30:00","33","2022-03-29 00:00:00.000"
"2018-10-30 03:28:00","32","2022-03-29 00:00:00.000"
"2018-10-30 03:32:00","32","2022-03-29 00:00:00.000"
"2018-10-30 03:36:00","32","2022-03-29 00:00:00.000"
"2018-10-30 03:40:00","32","2022-03-29 00:00:00.000"
"2018-10-30 03:38:00","32","2022-03-29 00:00:00.000"
"2018-10-30 03:42:00","32","2022-03-29 00:00:00.000"
"2018-10-30 03:48:00","32","2022-03-29 00:00:00.000"
"2018-10-30 03:52:00","31","2022-03-29 00:00:00.000"
"2018-10-30 03:54:00","32","2022-03-29 00:00:00.000"
"2018-10-30 04:04:00","31","2022-03-29 00:00:00.000"
"2018-10-30 03:58:00","31","2022-03-29 00:00:00.000"
"2018-10-30 04:18:00","31","2022-03-29 00:00:00.000"
"2018-10-30 04:28:00","31","2022-03-29 00:00:00.000"
"2018-10-30 04:48:00","31","2022-03-29 00:00:00.000"
"2018-10-30 04:53:00","31","2022-03-29 00:00:00.000"
"2018-10-30 05:06:00","31","2022-03-29 00:00:00.000"
"2018-10-30 05:10:00","31","2022-03-29 00:00:00.000"
"2018-10-30 05:08:00","31","2022-03-29 00:00:00.000"
"2018-10-30 05:21:00","31","2022-03-29 00:00:00.000"
"2018-10-30 05:25:00","31","2022-03-29 00:00:00.000"
"2018-10-30 05:31:00","31","2022-03-29 00:00:00.000"
"2018-10-30 05:28:00","31","2022-03-29 00:00:00.000"
"2018-10-30 05:41:00","31","2022-03-29 00:00:00.000"
"2018-10-30 05:56:00","31","2022-03-29 00:00:00.000"
"2018-10-30 06:00:00","31","2022-03-29 00:00:00.000"
"2018-10-30 06:03:00","31","2022-03-29 00:00:00.000"
"2018-10-30 06:07:00","31","2022-03-29 00:00:00.000"
"2018-10-30 06:09:00","31","2022-03-29 00:00:00.000"
"2018-10-30 06:16:00","31","2022-03-29 00:00:00.000"
"2018-10-30 06:26:00","31","2022-03-29 00:00:00.000"
"2018-10-30 06:29:00","31","2022-03-29 00:00:00.000"
"2018-10-30 06:33:00","31","2022-03-29 00:00:00.000"
"2018-10-30 06:49:00","31","2022-03-29 00:00:00.000"
"2018-10-30 06:56:00","31","2022-03-29 00:00:00.000"
"2018-10-30 07:13:00","31","2022-03-29 00:00:00.000"
"2018-10-30 07:26:00","30","2022-03-29 00:00:00.000"
"2018-10-30 07:40:00","30","2022-03-29 00:00:00.000"
"2018-10-30 07:46:00","30","2022-03-29 00:00:00.000"
"2018-10-30 07:50:00","30","2022-03-29 00:00:00.000"
"2018-10-30 07:58:00","30","2022-03-29 00:00:00.000"
"2018-10-30 08:02:00","30","2022-03-29 00:00:00.000"
"2018-10-30 07:53:00","30","2022-03-29 00:00:00.000"
"2018-10-30 08:09:00","30","2022-03-29 00:00:00.000"
"2018-10-30 08:16:00","30","2022-03-29 00:00:00.000"
"2018-10-30 08:25:00","30","2022-03-29 00:00:00.000"
"2018-10-30 08:22:00","30","2022-03-29 00:00:00.000"
"2018-10-30 08:29:00","30","2022-03-29 00:00:00.000"
"2018-10-30 08:31:00","30","2022-03-29 00:00:00.000"
"2018-10-30 08:35:00","30","2022-03-29 00:00:00.000"
"2018-10-30 08:58:00","30","2022-03-29 00:00:00.000"
"2018-10-30 08:56:00","30","2022-03-29 00:00:00.000"
"2018-10-30 08:48:00","30","2022-03-29 00:00:00.000"
"2018-10-30 09:01:00","30","2022-03-29 00:00:00.000"
"2018-10-30 09:04:00","30","2022-03-29 00:00:00.000"
"2018-10-30 09:14:00","30","2022-03-29 00:00:00.000"
"2018-10-30 09:20:00","30","2022-03-29 00:00:00.000"
"2018-10-30 09:24:00","30","2022-03-29 00:00:00.000"
"2018-10-30 09:27:00","30","2022-03-29 00:00:00.000"
"2018-10-30 09:35:00","30","2022-03-29 00:00:00.000"
"2018-10-30 09:43:00","30","2022-03-29 00:00:00.000"
"2018-10-30 09:50:00","30","2022-03-29 00:00:00.000"
"2018-10-30 10:04:00","30","2022-03-29 00:00:00.000"
"2018-10-30 10:06:00","30","2022-03-29 00:00:00.000"
"2018-10-30 10:27:00","30","2022-03-29 00:00:00.000"
"2018-10-30 10:29:00","30","2022-03-29 00:00:00.000"
"2018-10-30 10:34:00","30","2022-03-29 00:00:00.000"
"2018-10-30 10:42:00","30","2022-03-29 00:00:00.000"
"2018-10-30 10:44:00","30","2022-03-29 00:00:00.000"
"2018-10-30 10:52:00","30","2022-03-29 00:00:00.000"
"2018-10-30 10:56:00","30","2022-03-29 00:00:00.000"
"2018-10-30 11:18:00","30","2022-03-29 00:00:00.000"
"2018-10-30 11:22:00","30","2022-03-29 00:00:00.000"
"2018-10-30 10:58:00","30","2022-03-29 00:00:00.000"
"2018-10-30 11:29:00","30","2022-03-29 00:00:00.000"
"2018-10-30 11:35:00","30","2022-03-29 00:00:00.000"
"2018-10-30 11:41:00","30","2022-03-29 00:00:00.000"
"2018-10-30 11:50:00","30","2022-03-29 00:00:00.000"
"2018-10-30 11:56:00","30","2022-03-29 00:00:00.000"
"2018-10-30 11:58:00","30","2022-03-29 00:00:00.000"
"2018-10-30 12:04:00","30","2022-03-29 00:00:00.000"
"2018-10-30 12:12:00","30","2022-03-29 00:00:00.000"
"2018-10-30 12:08:00","30","2022-03-29 00:00:00.000"
"2018-10-30 12:21:00","30","2022-03-29 00:00:00.000"
"2018-10-30 12:23:00","30","2022-03-29 00:00:00.000"
"2018-10-30 12:26:00","30","2022-03-29 00:00:00.000"
"2018-10-30 12:33:00","30","2022-03-29 00:00:00.000"
"2018-10-30 12:38:00","30","2022-03-29 00:00:00.000"
"2018-10-30 12:47:00","30","2022-03-29 00:00:00.000"
"2018-10-30 12:50:00","30","2022-03-29 00:00:00.000"
"2018-10-30 13:08:00","30","2022-03-29 00:00:00.000"
"2018-10-30 13:35:00","30","2022-03-29 00:00:00.000"
"2018-10-30 13:37:00","29","2022-03-29 00:00:00.000"
"2018-10-30 13:43:00","29","2022-03-29 00:00:00.000"
"2018-10-30 14:08:00","29","2022-03-29 00:00:00.000"
"2018-10-30 14:13:00","29","2022-03-29 00:00:00.000"
"2018-10-30 14:17:00","30","2022-03-29 00:00:00.000"
"2018-10-30 14:23:00","30","2022-03-29 00:00:00.000"
"2018-10-30 14:29:00","30","2022-03-29 00:00:00.000"
"2018-10-30 14:47:00","30","2022-03-29 00:00:00.000"
"2018-10-30 14:53:00","30","2022-03-29 00:00:00.000"
"2018-10-30 15:14:00","30","2022-03-29 00:00:00.000"
"2018-10-30 15:16:00","30","2022-03-29 00:00:00.000"
"2018-10-30 15:21:00","30","2022-03-29 00:00:00.000"
"2018-10-30 15:25:00","31","2022-03-29 00:00:00.000"
"2018-10-30 15:27:00","31","2022-03-29 00:00:00.000"
"2018-10-30 15:40:00","31","2022-03-29 00:00:00.000"
"2018-10-30 15:43:00","31","2022-03-29 00:00:00.000"
"2018-10-30 15:50:00","31","2022-03-29 00:00:00.000"
"2018-10-30 15:57:00","31","2022-03-29 00:00:00.000"
"2018-10-30 16:03:00","31","2022-03-29 00:00:00.000"
"2018-10-30 16:10:00","31","2022-03-29 00:00:00.000"
"2018-10-30 16:26:00","31","2022-03-29 00:00:00.000"
"2018-10-30 16:33:00","31","2022-03-29 00:00:00.000"
"2018-10-30 16:35:00","31","2022-03-29 00:00:00.000"
"2018-10-30 16:38:00","32","2022-03-29 00:00:00.000"
"2018-10-30 16:40:00","32","2022-03-29 00:00:00.000"
"2018-10-30 16:45:00","32","2022-03-29 00:00:00.000"
"2018-10-30 23:10:00","32","2022-03-29 00:00:00.000"
"2018-10-30 23:44:00","32","2022-03-29 00:00:00.000"
"2018-10-30 23:48:00","32","2022-03-29 00:00:00.000"
"2018-10-30 23:52:00","32","2022-03-29 00:00:00.000"
"2018-10-31 02:37:00","32","2022-03-29 00:00:00.000"
"2018-10-30 23:58:00","32","2022-03-29 00:00:00.000"
"2018-10-31 00:12:00","32","2022-03-29 00:00:00.000"
"2018-10-31 02:39:00","32","2022-03-29 00:00:00.000"
"2018-10-31 02:43:00","32","2022-03-29 00:00:00.000"
"2018-10-31 02:47:00","32","2022-03-29 00:00:00.000"
"2018-10-31 02:49:00","32","2022-03-29 00:00:00.000"
"2018-10-31 03:01:00","31","2022-03-29 00:00:00.000"
"2018-10-31 03:05:00","31","2022-03-29 00:00:00.000"
"2018-10-31 03:09:00","31","2022-03-29 00:00:00.000"
"2018-10-31 03:35:00","31","2022-03-29 00:00:00.000"
"2018-10-31 03:29:00","31","2022-03-29 00:00:00.000"
"2018-10-31 03:41:00","31","2022-03-29 00:00:00.000"
"2018-10-31 03:43:00","31","2022-03-29 00:00:00.000"
"2018-10-31 03:51:00","31","2022-03-29 00:00:00.000"
"2018-10-31 03:53:00","31","2022-03-29 00:00:00.000"
"2018-10-31 04:08:00","31","2022-03-29 00:00:00.000"
"2018-10-31 04:28:00","31","2022-03-29 00:00:00.000"
"2018-10-31 04:50:00","31","2022-03-29 00:00:00.000"
"2018-10-31 05:24:00","31","2022-03-29 00:00:00.000"
"2018-10-31 06:05:00","31","2022-03-29 00:00:00.000"
"2018-10-31 06:03:00","30","2022-03-29 00:00:00.000"
"2018-10-31 05:40:00","30","2022-03-29 00:00:00.000"
"2018-10-31 06:16:00","31","2022-03-29 00:00:00.000"
"2018-10-31 06:23:00","31","2022-03-29 00:00:00.000"
"2018-10-31 06:25:00","31","2022-03-29 00:00:00.000"
"2018-10-31 06:27:00","31","2022-03-29 00:00:00.000"
"2018-10-31 06:31:00","31","2022-03-29 00:00:00.000"
"2018-10-31 06:35:00","31","2022-03-29 00:00:00.000"
"2018-10-31 06:40:00","31","2022-03-29 00:00:00.000"
"2018-10-31 06:42:00","30","2022-03-29 00:00:00.000"
"2018-10-31 06:44:00","30","2022-03-29 00:00:00.000"
"2018-10-31 06:59:00","30","2022-03-29 00:00:00.000"
"2018-10-31 06:54:00","30","2022-03-29 00:00:00.000"
"2018-10-31 07:19:00","30","2022-03-29 00:00:00.000"
"2018-10-31 07:35:00","31","2022-03-29 00:00:00.000"
"2018-10-31 07:53:00","31","2022-03-29 00:00:00.000"
"2018-10-31 07:47:00","31","2022-03-29 00:00:00.000"
"2018-10-31 07:56:00","31","2022-03-29 00:00:00.000"
"2018-10-31 08:06:00","31","2022-03-29 00:00:00.000"
"2018-10-31 08:18:00","31","2022-03-29 00:00:00.000"
"2018-10-31 08:27:00","31","2022-03-29 00:00:00.000"
"2018-10-31 08:10:00","31","2022-03-29 00:00:00.000"
"2018-10-31 08:31:00","31","2022-03-29 00:00:00.000"
"2018-10-31 08:33:00","31","2022-03-29 00:00:00.000"
"2018-10-31 08:39:00","31","2022-03-29 00:00:00.000"
"2018-10-31 08:41:00","31","2022-03-29 00:00:00.000"
"2018-10-31 08:45:00","31","2022-03-29 00:00:00.000"
"2018-10-31 08:48:00","31","2022-03-29 00:00:00.000"
"2018-10-31 08:50:00","31","2022-03-29 00:00:00.000"
"2018-10-31 08:52:00","31","2022-03-29 00:00:00.000"
"2018-10-31 09:13:00","31","2022-03-29 00:00:00.000"
"2018-10-31 09:09:00","31","2022-03-29 00:00:00.000"
"2018-10-31 09:15:00","31","2022-03-29 00:00:00.000"
"2018-10-31 09:19:00","31","2022-03-29 00:00:00.000"
"2018-10-31 09:25:00","31","2022-03-29 00:00:00.000"
"2018-10-31 09:27:00","30","2022-03-29 00:00:00.000"
"2018-10-31 09:32:00","30","2022-03-29 00:00:00.000"
"2018-10-31 10:04:00","30","2022-03-29 00:00:00.000"
"2018-10-31 10:08:00","30","2022-03-29 00:00:00.000"
"2018-10-31 10:14:00","30","2022-03-29 00:00:00.000"
"2018-10-31 10:35:00","30","2022-03-29 00:00:00.000"
"2018-10-31 10:38:00","30","2022-03-29 00:00:00.000"
"2018-10-31 10:28:00","30","2022-03-29 00:00:00.000"
"2018-10-31 10:49:00","30","2022-03-29 00:00:00.000"
"2018-10-31 10:57:00","30","2022-03-29 00:00:00.000"
"2018-10-31 11:04:00","30","2022-03-29 00:00:00.000"
"2018-10-31 11:14:00","30","2022-03-29 00:00:00.000"
"2018-10-31 11:17:00","30","2022-03-29 00:00:00.000"
"2018-10-31 11:53:00","30","2022-03-29 00:00:00.000"
"2018-10-31 12:25:00","30","2022-03-29 00:00:00.000"
"2018-10-31 12:49:00","31","2022-03-29 00:00:00.000"
"2018-10-31 12:27:00","30","2022-03-29 00:00:00.000"
"2018-10-31 12:43:00","31","2022-03-29 00:00:00.000"
"2018-10-31 14:13:00","32","2022-03-29 00:00:00.000"
"2018-10-31 14:15:00","31","2022-03-29 00:00:00.000"
"2018-10-31 14:25:00","31","2022-03-29 00:00:00.000"
"2018-10-31 14:17:00","32","2022-03-29 00:00:00.000"
"2018-10-31 14:29:00","32","2022-03-29 00:00:00.000"
"2018-10-31 15:51:00","32","2022-03-29 00:00:00.000"
"2018-10-31 15:53:00","32","2022-03-29 00:00:00.000"
"2018-10-31 16:03:00","32","2022-03-29 00:00:00.000"
"2018-10-31 15:57:00","32","2022-03-29 00:00:00.000"
"2018-10-31 15:55:00","32","2022-03-29 00:00:00.000"
"2018-10-31 16:05:00","32","2022-03-29 00:00:00.000"
"2018-10-31 16:11:00","32","2022-03-29 00:00:00.000"
"2018-10-31 16:13:00","32","2022-03-29 00:00:00.000"
"2018-10-31 16:15:00","32","2022-03-29 00:00:00.000"
"2018-10-31 16:25:00","32","2022-03-29 00:00:00.000"
"2018-10-31 16:27:00","32","2022-03-29 00:00:00.000"
"2018-10-31 23:50:00","32","2022-03-29 00:00:00.000"
"2018-10-31 23:54:00","32","2022-03-29 00:00:00.000"
"2018-10-23 00:28:00","33","2022-03-29 00:00:00.000"
"2018-10-23 00:34:00","34","2022-03-29 00:00:00.000"
"2018-10-23 00:36:00","33","2022-03-29 00:00:00.000"
"2018-10-23 00:38:00","34","2022-03-29 00:00:00.000"
"2018-10-23 00:40:00","33","2022-03-29 00:00:00.000"
"2018-10-23 00:44:00","34","2022-03-29 00:00:00.000"
"2018-10-23 00:46:00","33","2022-03-29 00:00:00.000"
"2018-10-23 00:48:00","34","2022-03-29 00:00:00.000"
"2018-10-23 00:54:00","33","2022-03-29 00:00:00.000"
"2018-10-23 00:58:00","34","2022-03-29 00:00:00.000"
"2018-10-23 01:20:00","34","2022-03-29 00:00:00.000"
"2018-10-23 01:22:00","33","2022-03-29 00:00:00.000"
"2018-10-23 01:02:00","33","2022-03-29 00:00:00.000"
"2018-10-23 01:50:00","33","2022-03-29 00:00:00.000"
"2018-10-23 01:58:00","33","2022-03-29 00:00:00.000"
"2018-10-23 02:18:00","33","2022-03-29 00:00:00.000"
"2018-10-23 02:26:00","33","2022-03-29 00:00:00.000"
"2018-10-23 02:28:00","33","2022-03-29 00:00:00.000"
"2018-10-23 02:30:00","33","2022-03-29 00:00:00.000"
"2018-10-23 02:32:00","33","2022-03-29 00:00:00.000"
"2018-10-23 02:42:00","33","2022-03-29 00:00:00.000"
"2018-10-23 02:50:00","33","2022-03-29 00:00:00.000"
"2018-10-23 02:36:00","33","2022-03-29 00:00:00.000"
"2018-10-23 02:54:00","32","2022-03-29 00:00:00.000"
"2018-10-23 02:56:00","32","2022-03-29 00:00:00.000"
"2018-10-23 03:20:00","31","2022-03-29 00:00:00.000"
"2018-10-23 03:06:00","31","2022-03-29 00:00:00.000"
"2018-10-23 03:22:00","31","2022-03-29 00:00:00.000"
"2018-10-23 03:26:00","30","2022-03-29 00:00:00.000"
"2018-10-23 03:30:00","30","2022-03-29 00:00:00.000"
"2018-10-23 03:32:00","30","2022-03-29 00:00:00.000"
"2018-10-23 03:40:00","30","2022-03-29 00:00:00.000"
"2018-10-23 03:34:00","30","2022-03-29 00:00:00.000"
"2018-10-23 03:48:00","30","2022-03-29 00:00:00.000"
"2018-10-23 03:56:00","30","2022-03-29 00:00:00.000"
"2018-10-23 04:10:00","30","2022-03-29 00:00:00.000"
"2018-10-23 04:18:00","30","2022-03-29 00:00:00.000"
"2018-10-23 04:21:00","30","2022-03-29 00:00:00.000"
"2018-10-23 04:25:00","30","2022-03-29 00:00:00.000"
"2018-10-23 04:30:00","30","2022-03-29 00:00:00.000"
"2018-10-23 04:34:00","30","2022-03-29 00:00:00.000"
"2018-10-23 04:53:00","30","2022-03-29 00:00:00.000"
"2018-10-23 04:45:00","30","2022-03-29 00:00:00.000"
"2018-10-23 04:57:00","30","2022-03-29 00:00:00.000"
"2018-10-23 05:07:00","30","2022-03-29 00:00:00.000"
"2018-10-23 05:10:00","30","2022-03-29 00:00:00.000"
"2018-10-23 05:28:00","30","2022-03-29 00:00:00.000"
"2018-10-23 05:59:00","30","2022-03-29 00:00:00.000"
"2018-10-23 06:03:00","30","2022-03-29 00:00:00.000"
"2018-10-23 06:13:00","30","2022-03-29 00:00:00.000"
"2018-10-23 06:26:00","30","2022-03-29 00:00:00.000"
"2018-10-23 06:33:00","30","2022-03-29 00:00:00.000"
"2018-10-23 06:45:00","30","2022-03-29 00:00:00.000"
"2018-10-23 06:36:00","30","2022-03-29 00:00:00.000"
"2018-10-23 06:54:00","30","2022-03-29 00:00:00.000"
"2018-10-23 07:00:00","30","2022-03-29 00:00:00.000"
"2018-10-23 07:07:00","30","2022-03-29 00:00:00.000"
"2018-10-23 07:16:00","30","2022-03-29 00:00:00.000"
"2018-10-23 07:20:00","30","2022-03-29 00:00:00.000"
"2018-10-23 07:22:00","31","2022-03-29 00:00:00.000"
"2018-10-23 07:27:00","31","2022-03-29 00:00:00.000"
"2018-10-23 07:31:00","31","2022-03-29 00:00:00.000"
"2018-10-23 07:36:00","31","2022-03-29 00:00:00.000"
"2018-10-23 07:40:00","31","2022-03-29 00:00:00.000"
"2018-10-23 07:49:00","31","2022-03-29 00:00:00.000"
"2018-10-23 07:54:00","31","2022-03-29 00:00:00.000"
"2018-10-23 07:58:00","31","2022-03-29 00:00:00.000"
"2018-10-23 08:02:00","31","2022-03-29 00:00:00.000"
"2018-10-23 08:07:00","31","2022-03-29 00:00:00.000"
"2018-10-23 08:11:00","31","2022-03-29 00:00:00.000"
"2018-10-23 08:15:00","31","2022-03-29 00:00:00.000"
"2018-10-23 08:19:00","31","2022-03-29 00:00:00.000"
"2018-10-23 08:22:00","31","2022-03-29 00:00:00.000"
"2018-10-23 08:40:00","31","2022-03-29 00:00:00.000"
"2018-10-23 08:44:00","31","2022-03-29 00:00:00.000"
"2018-10-23 08:31:00","31","2022-03-29 00:00:00.000"
"2018-10-23 08:57:00","31","2022-03-29 00:00:00.000"
"2018-10-23 09:06:00","31","2022-03-29 00:00:00.000"
"2018-10-23 09:04:00","31","2022-03-29 00:00:00.000"
"2018-10-23 09:11:00","31","2022-03-29 00:00:00.000"
"2018-10-23 09:14:00","31","2022-03-29 00:00:00.000"
"2018-10-23 09:16:00","31","2022-03-29 00:00:00.000"
"2018-10-23 09:31:00","31","2022-03-29 00:00:00.000"
"2018-10-23 09:18:00","31","2022-03-29 00:00:00.000"
"2018-10-23 09:41:00","31","2022-03-29 00:00:00.000"
"2018-10-23 09:51:00","31","2022-03-29 00:00:00.000"
"2018-10-23 09:54:00","31","2022-03-29 00:00:00.000"
"2018-10-23 09:56:00","31","2022-03-29 00:00:00.000"
"2018-10-23 10:00:00","31","2022-03-29 00:00:00.000"
"2018-10-23 10:09:00","31","2022-03-29 00:00:00.000"
"2018-10-23 10:12:00","31","2022-03-29 00:00:00.000"
"2018-10-23 10:21:00","31","2022-03-29 00:00:00.000"
"2018-10-23 10:34:00","31","2022-03-29 00:00:00.000"
"2018-10-23 10:39:00","31","2022-03-29 00:00:00.000"
"2018-10-23 10:28:00","31","2022-03-29 00:00:00.000"
"2018-10-23 10:47:00","31","2022-03-29 00:00:00.000"
"2018-10-23 10:52:00","31","2022-03-29 00:00:00.000"
"2018-10-23 10:56:00","31","2022-03-29 00:00:00.000"
"2018-10-23 11:15:00","31","2022-03-29 00:00:00.000"
"2018-10-23 11:00:00","31","2022-03-29 00:00:00.000"
"2018-10-23 11:22:00","31","2022-03-29 00:00:00.000"
"2018-10-23 11:33:00","31","2022-03-29 00:00:00.000"
"2018-10-23 11:38:00","30","2022-03-29 00:00:00.000"
"2018-10-23 11:35:00","31","2022-03-29 00:00:00.000"
"2018-10-23 11:41:00","31","2022-03-29 00:00:00.000"
"2018-10-23 11:52:00","31","2022-03-29 00:00:00.000"
"2018-10-23 12:05:00","31","2022-03-29 00:00:00.000"
"2018-10-23 12:07:00","30","2022-03-29 00:00:00.000"
"2018-10-23 12:09:00","31","2022-03-29 00:00:00.000"
"2018-10-23 12:13:00","31","2022-03-29 00:00:00.000"
"2018-10-23 12:19:00","30","2022-03-29 00:00:00.000"
"2018-10-23 12:29:00","30","2022-03-29 00:00:00.000"
"2018-10-23 12:33:00","30","2022-03-29 00:00:00.000"
"2018-10-23 12:31:00","30","2022-03-29 00:00:00.000"
"2018-10-23 12:39:00","30","2022-03-29 00:00:00.000"
"2018-10-23 12:45:00","31","2022-03-29 00:00:00.000"
"2018-10-23 13:03:00","31","2022-03-29 00:00:00.000"
"2018-10-23 13:05:00","32","2022-03-29 00:00:00.000"
"2018-10-23 14:09:00","33","2022-03-29 00:00:00.000"
"2018-10-23 14:11:00","32","2022-03-29 00:00:00.000"
"2018-10-23 14:13:00","33","2022-03-29 00:00:00.000"
"2018-10-23 14:19:00","32","2022-03-29 00:00:00.000"
"2018-10-23 14:37:00","33","2022-03-29 00:00:00.000"
"2018-10-23 14:35:00","32","2022-03-29 00:00:00.000"
"2018-10-23 14:27:00","33","2022-03-29 00:00:00.000"
"2018-10-23 15:57:00","33","2022-03-29 00:00:00.000"
"2018-10-23 15:59:00","33","2022-03-29 00:00:00.000"
"2018-10-23 16:05:00","33","2022-03-29 00:00:00.000"
"2018-10-23 16:07:00","33","2022-03-29 00:00:00.000"
"2018-10-23 16:09:00","33","2022-03-29 00:00:00.000"
"2018-10-23 16:17:00","33","2022-03-29 00:00:00.000"
"2018-10-23 16:19:00","33","2022-03-29 00:00:00.000"
"2018-10-23 16:27:00","33","2022-03-29 00:00:00.000"
"2018-10-23 16:25:00","33","2022-03-29 00:00:00.000"
"2018-10-23 16:29:00","33","2022-03-29 00:00:00.000"
"2018-10-23 16:33:00","33","2022-03-29 00:00:00.000"
"2018-10-23 16:35:00","33","2022-03-29 00:00:00.000"
"2018-10-23 18:41:00","33","2022-03-29 00:00:00.000"
"2018-10-23 18:45:00","33","2022-03-29 00:00:00.000"
"2018-10-23 18:47:00","33","2022-03-29 00:00:00.000"
"2018-10-23 19:54:00","34","2022-03-29 00:00:00.000"
"2018-10-23 19:56:00","33","2022-03-29 00:00:00.000"
"2018-10-24 07:15:00","31","2022-03-29 00:00:00.000"
"2018-10-24 07:15:00","31","2022-03-29 00:00:00.000"
"2018-10-24 07:17:00","31","2022-03-29 00:00:00.000"
"2018-10-24 07:17:00","31","2022-03-29 00:00:00.000"
"2018-10-24 07:24:00","31","2022-03-29 00:00:00.000"
"2018-10-24 07:24:00","31","2022-03-29 00:00:00.000"
"2018-10-24 07:26:00","31","2022-03-29 00:00:00.000"
"2018-10-24 07:27:00","31","2022-03-29 00:00:00.000"
"2018-10-24 07:39:00","31","2022-03-29 00:00:00.000"
"2018-10-24 07:43:00","31","2022-03-29 00:00:00.000"
"2018-10-24 07:43:00","31","2022-03-29 00:00:00.000"
"2018-10-24 07:52:00","31","2022-03-29 00:00:00.000"
"2018-10-24 07:59:00","31","2022-03-29 00:00:00.000"
"2018-10-24 07:59:00","31","2022-03-29 00:00:00.000"
"2018-10-24 08:01:00","31","2022-03-29 00:00:00.000"
"2018-10-24 08:01:00","31","2022-03-29 00:00:00.000"
"2018-10-24 08:03:00","31","2022-03-29 00:00:00.000"
"2018-10-24 08:03:00","31","2022-03-29 00:00:00.000"
"2018-10-24 08:08:00","31","2022-03-29 00:00:00.000"
"2018-10-24 08:08:00","31","2022-03-29 00:00:00.000"
"2018-10-24 08:18:00","31","2022-03-29 00:00:00.000"
"2018-10-24 08:22:00","31","2022-03-29 00:00:00.000"
"2018-10-24 08:18:00","31","2022-03-29 00:00:00.000"
"2018-10-24 08:22:00","31","2022-03-29 00:00:00.000"
"2018-10-24 08:24:00","30","2022-03-29 00:00:00.000"
"2018-10-24 08:24:00","30","2022-03-29 00:00:00.000"
"2018-10-24 08:26:00","31","2022-03-29 00:00:00.000"
"2018-10-24 08:28:00","31","2022-03-29 00:00:00.000"
"2018-10-24 08:28:00","31","2022-03-29 00:00:00.000"
"2018-10-24 08:40:00","31","2022-03-29 00:00:00.000"
"2018-10-24 08:42:00","31","2022-03-29 00:00:00.000"
"2018-10-24 08:44:00","31","2022-03-29 00:00:00.000"
"2018-10-24 08:44:00","31","2022-03-29 00:00:00.000"
"2018-10-24 08:42:00","31","2022-03-29 00:00:00.000"
"2018-10-24 09:14:00","31","2022-03-29 00:00:00.000"
"2018-10-24 09:14:00","31","2022-03-29 00:00:00.000"
"2018-10-24 09:30:00","30","2022-03-29 00:00:00.000"
"2018-10-24 09:30:00","30","2022-03-29 00:00:00.000"
"2018-10-24 09:44:00","30","2022-03-29 00:00:00.000"
"2018-10-24 09:45:00","30","2022-03-29 00:00:00.000"
"2018-10-24 10:58:00","31","2022-03-29 00:00:00.000"
"2018-10-24 11:00:00","30","2022-03-29 00:00:00.000"
"2018-10-24 10:58:00","31","2022-03-29 00:00:00.000"
"2018-10-24 11:00:00","30","2022-03-29 00:00:00.000"
"2018-10-24 11:02:00","31","2022-03-29 00:00:00.000"
"2018-10-24 11:02:00","31","2022-03-29 00:00:00.000"
"2018-10-24 11:51:00","31","2022-03-29 00:00:00.000"
"2018-10-24 11:51:00","31","2022-03-29 00:00:00.000"
"2018-10-24 11:53:00","30","2022-03-29 00:00:00.000"
"2018-10-24 11:53:00","30","2022-03-29 00:00:00.000"
"2018-10-24 11:55:00","31","2022-03-29 00:00:00.000"
"2018-10-24 11:55:00","31","2022-03-29 00:00:00.000"
"2018-10-24 11:57:00","30","2022-03-29 00:00:00.000"
"2018-10-24 11:59:00","31","2022-03-29 00:00:00.000"
"2018-10-24 11:57:00","30","2022-03-29 00:00:00.000"
"2018-10-24 11:59:00","31","2022-03-29 00:00:00.000"
"2018-10-24 12:01:00","30","2022-03-29 00:00:00.000"
"2018-10-24 12:01:00","30","2022-03-29 00:00:00.000"
"2018-10-24 12:07:00","30","2022-03-29 00:00:00.000"
"2018-10-24 12:07:00","30","2022-03-29 00:00:00.000"
"2018-10-24 12:09:00","31","2022-03-29 00:00:00.000"
"2018-10-24 12:09:00","31","2022-03-29 00:00:00.000"
"2018-10-24 12:17:00","31","2022-03-29 00:00:00.000"
"2018-10-24 12:17:00","31","2022-03-29 00:00:00.000"
"2018-10-24 12:19:00","31","2022-03-29 00:00:00.000"
"2018-10-24 12:19:00","31","2022-03-29 00:00:00.000"
"2018-10-24 12:21:00","31","2022-03-29 00:00:00.000"
"2018-10-24 12:21:00","31","2022-03-29 00:00:00.000"
"2018-10-24 12:31:00","32","2022-03-29 00:00:00.000"
"2018-10-24 12:31:00","32","2022-03-29 00:00:00.000"
"2018-10-24 13:09:00","32","2022-03-29 00:00:00.000"
"2018-10-24 13:09:00","32","2022-03-29 00:00:00.000"
"2018-10-24 13:23:00","32","2022-03-29 00:00:00.000"
"2018-10-24 13:29:00","32","2022-03-29 00:00:00.000"
"2018-10-24 13:23:00","32","2022-03-29 00:00:00.000"
"2018-10-24 13:29:00","32","2022-03-29 00:00:00.000"
"2018-10-24 13:31:00","33","2022-03-29 00:00:00.000"
"2018-10-24 13:31:00","33","2022-03-29 00:00:00.000"
"2018-10-24 13:37:00","32","2022-03-29 00:00:00.000"
"2018-10-24 13:37:00","32","2022-03-29 00:00:00.000"
"2018-10-24 13:39:00","33","2022-03-29 00:00:00.000"
"2018-10-24 13:39:00","33","2022-03-29 00:00:00.000"
"2018-10-24 14:05:00","33","2022-03-29 00:00:00.000"
"2018-10-24 14:05:00","33","2022-03-29 00:00:00.000"
"2018-10-24 14:07:00","33","2022-03-29 00:00:00.000"
"2018-10-24 14:07:00","33","2022-03-29 00:00:00.000"
"2018-10-24 14:11:00","33","2022-03-29 00:00:00.000"
"2018-10-24 14:11:00","33","2022-03-29 00:00:00.000"
"2018-10-24 14:17:00","33","2022-03-29 00:00:00.000"
"2018-10-24 14:17:00","33","2022-03-29 00:00:00.000"
"2018-10-24 14:19:00","33","2022-03-29 00:00:00.000"
"2018-10-24 14:19:00","33","2022-03-29 00:00:00.000"
"2018-10-25 06:05:00","30","2022-03-29 00:00:00.000"
"2018-10-25 06:15:00","30","2022-03-29 00:00:00.000"
"2018-10-25 06:17:00","28","2022-03-29 00:00:00.000"
"2018-10-25 06:20:00","30","2022-03-29 00:00:00.000"
"2018-10-25 06:20:00","28","2022-03-29 00:00:00.000"
"2018-10-25 06:24:00","29","2022-03-29 00:00:00.000"
"2018-10-25 06:24:00","30","2022-03-29 00:00:00.000"
"2018-10-25 06:30:00","29","2022-03-29 00:00:00.000"
"2018-10-25 06:30:00","29","2022-03-29 00:00:00.000"
"2018-10-25 06:30:00","29","2022-03-29 00:00:00.000"
"2018-10-25 06:31:00","29","2022-03-29 00:00:00.000"
"2018-10-25 06:31:00","29","2022-03-29 00:00:00.000"
"2018-10-25 06:31:00","29","2022-03-29 00:00:00.000"
"2018-10-25 06:31:00","29","2022-03-29 00:00:00.000"
"2018-10-25 06:31:00","29","2022-03-29 00:00:00.000"
"2018-10-25 06:31:00","29","2022-03-29 00:00:00.000"
"2018-10-25 06:32:00","29","2022-03-29 00:00:00.000"
"2018-10-25 06:32:00","29","2022-03-29 00:00:00.000"
"2018-10-25 06:34:00","29","2022-03-29 00:00:00.000"
"2018-10-25 06:35:00","29","2022-03-29 00:00:00.000"
"2018-10-25 06:35:00","29","2022-03-29 00:00:00.000"
"2018-10-25 06:37:00","30","2022-03-29 00:00:00.000"
"2018-10-25 06:35:00","30","2022-03-29 00:00:00.000"
"2018-10-25 06:37:00","28","2022-03-29 00:00:00.000"
"2018-10-25 06:37:00","28","2022-03-29 00:00:00.000"
"2018-10-25 06:37:00","28","2022-03-29 00:00:00.000"
"2018-10-25 06:37:00","28","2022-03-29 00:00:00.000"
"2018-10-25 06:38:00","28","2022-03-29 00:00:00.000"
"2018-10-25 06:39:00","28","2022-03-29 00:00:00.000"
"2018-10-25 06:41:00","28","2022-03-29 00:00:00.000"
"2018-10-25 06:43:00","28","2022-03-29 00:00:00.000"
"2018-10-25 06:44:00","28","2022-03-29 00:00:00.000"
"2018-10-25 06:44:00","28","2022-03-29 00:00:00.000"
"2018-10-25 06:44:00","28","2022-03-29 00:00:00.000"
"2018-10-25 06:46:00","30","2022-03-29 00:00:00.000"
"2018-10-25 06:48:00","28","2022-03-29 00:00:00.000"
"2018-10-25 06:49:00","28","2022-03-29 00:00:00.000"
"2018-10-25 06:49:00","28","2022-03-29 00:00:00.000"
"2018-10-25 06:50:00","30","2022-03-29 00:00:00.000"
"2018-10-25 06:52:00","28","2022-03-29 00:00:00.000"
"2018-10-25 06:53:00","28","2022-03-29 00:00:00.000"
"2018-10-25 06:54:00","28","2022-03-29 00:00:00.000"
"2018-10-25 06:56:00","28","2022-03-29 00:00:00.000"
"2018-10-25 06:54:00","30","2022-03-29 00:00:00.000"
"2018-10-25 06:56:00","31","2022-03-29 00:00:00.000"
"2018-10-25 06:57:00","28","2022-03-29 00:00:00.000"
"2018-10-25 06:58:00","28","2022-03-29 00:00:00.000"
"2018-10-25 06:58:00","28","2022-03-29 00:00:00.000"
"2018-10-25 06:58:00","28","2022-03-29 00:00:00.000"
"2018-10-25 07:00:00","28","2022-03-29 00:00:00.000"
"2018-10-25 07:01:00","31","2022-03-29 00:00:00.000"
"2018-10-25 07:02:00","28","2022-03-29 00:00:00.000"
"2018-10-25 07:03:00","28","2022-03-29 00:00:00.000"
"2018-10-25 07:03:00","31","2022-03-29 00:00:00.000"
"2018-10-25 07:04:00","28","2022-03-29 00:00:00.000"
"2018-10-25 07:07:00","28","2022-03-29 00:00:00.000"
"2018-10-25 07:10:00","28","2022-03-29 00:00:00.000"
"2018-10-25 07:11:00","29","2022-03-29 00:00:00.000"
"2018-10-25 07:11:00","30","2022-03-29 00:00:00.000"
"2018-10-25 07:12:00","29","2022-03-29 00:00:00.000"
"2018-10-25 07:12:00","29","2022-03-29 00:00:00.000"
"2018-10-25 07:13:00","29","2022-03-29 00:00:00.000"
"2018-10-25 07:16:00","31","2022-03-29 00:00:00.000"
"2018-10-25 07:13:00","28","2022-03-29 00:00:00.000"
"2018-10-25 07:20:00","29","2022-03-29 00:00:00.000"
"2018-10-25 07:21:00","29","2022-03-29 00:00:00.000"
"2018-10-25 07:21:00","31","2022-03-29 00:00:00.000"
"2018-10-25 07:27:00","31","2022-03-29 00:00:00.000"
"2018-10-25 07:30:00","31","2022-03-29 00:00:00.000"
"2018-10-25 07:32:00","29","2022-03-29 00:00:00.000"
"2018-10-25 07:35:00","29","2022-03-29 00:00:00.000"
"2018-10-25 07:37:00","29","2022-03-29 00:00:00.000"
"2018-10-25 07:45:00","31","2022-03-29 00:00:00.000"
"2018-10-25 07:41:00","29","2022-03-29 00:00:00.000"
"2018-10-25 07:45:00","29","2022-03-29 00:00:00.000"
"2018-10-25 07:47:00","29","2022-03-29 00:00:00.000"
"2018-10-25 07:47:00","29","2022-03-29 00:00:00.000"
"2018-10-25 07:48:00","29","2022-03-29 00:00:00.000"
"2018-10-25 07:48:00","29","2022-03-29 00:00:00.000"
"2018-10-25 07:49:00","29","2022-03-29 00:00:00.000"
"2018-10-25 07:51:00","29","2022-03-29 00:00:00.000"
"2018-10-25 07:51:00","29","2022-03-29 00:00:00.000"
"2018-10-25 07:52:00","29","2022-03-29 00:00:00.000"
"2018-10-25 07:52:00","29","2022-03-29 00:00:00.000"
"2018-10-25 07:52:00","31","2022-03-29 00:00:00.000"
"2018-10-25 07:53:00","29","2022-03-29 00:00:00.000"
"2018-10-25 07:53:00","29","2022-03-29 00:00:00.000"
"2018-10-25 07:54:00","29","2022-03-29 00:00:00.000"
"2018-10-25 07:58:00","31","2022-03-29 00:00:00.000"
"2018-10-25 08:01:00","31","2022-03-29 00:00:00.000"
"2018-10-25 08:01:00","28","2022-03-29 00:00:00.000"
"2018-10-25 08:01:00","28","2022-03-29 00:00:00.000"
"2018-10-25 08:03:00","28","2022-03-29 00:00:00.000"
"2018-10-25 08:02:00","28","2022-03-29 00:00:00.000"
"2018-10-25 08:04:00","28","2022-03-29 00:00:00.000"
"2018-10-25 08:05:00","31","2022-03-29 00:00:00.000"
"2018-10-25 08:06:00","28","2022-03-29 00:00:00.000"
"2018-10-25 08:07:00","28","2022-03-29 00:00:00.000"
"2018-10-25 08:06:00","28","2022-03-29 00:00:00.000"
"2018-10-25 08:07:00","31","2022-03-29 00:00:00.000"
"2018-10-25 08:07:00","28","2022-03-29 00:00:00.000"
"2018-10-25 08:08:00","28","2022-03-29 00:00:00.000"
"2018-10-25 08:08:00","28","2022-03-29 00:00:00.000"
"2018-10-25 08:11:00","31","2022-03-29 00:00:00.000"
"2018-10-25 08:09:00","28","2022-03-29 00:00:00.000"
"2018-10-25 08:14:00","28","2022-03-29 00:00:00.000"
"2018-10-25 08:15:00","28","2022-03-29 00:00:00.000"
"2018-10-25 08:17:00","28","2022-03-29 00:00:00.000"
"2018-10-25 08:16:00","28","2022-03-29 00:00:00.000"
"2018-10-25 08:20:00","28","2022-03-29 00:00:00.000"
"2018-10-25 08:21:00","28","2022-03-29 00:00:00.000"
"2018-10-25 08:21:00","28","2022-03-29 00:00:00.000"
"2018-10-25 08:28:00","28","2022-03-29 00:00:00.000"
"2018-10-25 08:30:00","31","2022-03-29 00:00:00.000"
"2018-10-25 08:29:00","28","2022-03-29 00:00:00.000"
"2018-10-25 08:34:00","28","2022-03-29 00:00:00.000"
"2018-10-25 08:34:00","28","2022-03-29 00:00:00.000"
"2018-10-25 08:36:00","28","2022-03-29 00:00:00.000"
"2018-10-25 08:42:00","30","2022-03-29 00:00:00.000"
"2018-10-25 08:44:00","31","2022-03-29 00:00:00.000"
"2018-10-25 08:53:00","28","2022-03-29 00:00:00.000"
"2018-10-25 08:52:00","28","2022-03-29 00:00:00.000"
"2018-10-25 08:55:00","28","2022-03-29 00:00:00.000"
"2018-10-25 09:04:00","31","2022-03-29 00:00:00.000"
"2018-10-25 09:06:00","31","2022-03-29 00:00:00.000"
"2018-10-25 09:06:00","28","2022-03-29 00:00:00.000"
"2018-10-25 09:07:00","28","2022-03-29 00:00:00.000"
"2018-10-25 09:07:00","28","2022-03-29 00:00:00.000"
"2018-10-25 09:08:00","31","2022-03-29 00:00:00.000"
"2018-10-25 09:10:00","31","2022-03-29 00:00:00.000"
"2018-10-25 09:12:00","28","2022-03-29 00:00:00.000"
"2018-10-25 09:12:00","28","2022-03-29 00:00:00.000"
"2018-10-25 09:19:00","28","2022-03-29 00:00:00.000"
"2018-10-25 09:21:00","28","2022-03-29 00:00:00.000"
"2018-10-25 09:20:00","28","2022-03-29 00:00:00.000"
"2018-10-25 09:22:00","31","2022-03-29 00:00:00.000"
"2018-10-25 09:24:00","28","2022-03-29 00:00:00.000"
"2018-10-25 09:27:00","28","2022-03-29 00:00:00.000"
"2018-10-25 09:29:00","28","2022-03-29 00:00:00.000"
"2018-10-25 09:34:00","28","2022-03-29 00:00:00.000"
"2018-10-25 09:35:00","28","2022-03-29 00:00:00.000"
"2018-10-25 09:34:00","28","2022-03-29 00:00:00.000"
"2018-10-25 09:39:00","28","2022-03-29 00:00:00.000"
"2018-10-25 09:41:00","29","2022-03-29 00:00:00.000"
"2018-10-25 09:41:00","29","2022-03-29 00:00:00.000"
"2018-10-25 09:41:00","29","2022-03-29 00:00:00.000"
"2018-10-25 09:42:00","29","2022-03-29 00:00:00.000"
"2018-10-25 09:42:00","29","2022-03-29 00:00:00.000"
"2018-10-25 09:43:00","29","2022-03-29 00:00:00.000"
"2018-10-25 09:45:00","29","2022-03-29 00:00:00.000"
"2018-10-25 09:48:00","29","2022-03-29 00:00:00.000"
"2018-10-25 09:49:00","29","2022-03-29 00:00:00.000"
"2018-10-25 09:49:00","29","2022-03-29 00:00:00.000"
"2018-10-25 09:49:00","29","2022-03-29 00:00:00.000"
"2018-10-25 12:19:00","28","2022-03-29 00:00:00.000"
"2018-10-25 12:19:00","28","2022-03-29 00:00:00.000"
"2018-10-25 12:26:00","28","2022-03-29 00:00:00.000"
"2018-10-25 12:30:00","28","2022-03-29 00:00:00.000"
"2018-10-25 12:30:00","28","2022-03-29 00:00:00.000"
"2018-10-25 12:35:00","31","2022-03-29 00:00:00.000"
"2018-10-25 12:35:00","28","2022-03-29 00:00:00.000"
"2018-10-25 12:37:00","31","2022-03-29 00:00:00.000"
"2018-10-25 12:38:00","29","2022-03-29 00:00:00.000"
"2018-10-25 12:51:00","30","2022-03-29 00:00:00.000"
"2018-10-25 12:51:00","29","2022-03-29 00:00:00.000"
"2018-10-25 12:54:00","30","2022-03-29 00:00:00.000"
"2018-10-25 12:56:00","30","2022-03-29 00:00:00.000"
"2018-10-25 12:58:00","30","2022-03-29 00:00:00.000"
"2018-10-25 13:01:00","30","2022-03-29 00:00:00.000"
"2018-10-25 12:53:00","30","2022-03-29 00:00:00.000"
"2018-10-25 13:10:00","30","2022-03-29 00:00:00.000"
"2018-10-25 13:14:00","32","2022-03-29 00:00:00.000"
"2018-10-25 13:14:00","30","2022-03-29 00:00:00.000"
"2018-10-25 13:26:00","30","2022-03-29 00:00:00.000"
"2018-10-25 13:22:00","30","2022-03-29 00:00:00.000"
"2018-10-25 13:27:00","30","2022-03-29 00:00:00.000"
"2018-10-25 13:21:00","30","2022-03-29 00:00:00.000"
"2018-10-25 13:30:00","30","2022-03-29 00:00:00.000"
"2018-10-25 13:31:00","30","2022-03-29 00:00:00.000"
"2018-10-25 13:33:00","30","2022-03-29 00:00:00.000"
"2018-10-25 13:35:00","30","2022-03-29 00:00:00.000"
"2018-10-25 13:36:00","32","2022-03-29 00:00:00.000"
"2018-10-25 13:41:00","30","2022-03-29 00:00:00.000"
"2018-10-25 13:44:00","30","2022-03-29 00:00:00.000"
"2018-10-25 13:41:00","30","2022-03-29 00:00:00.000"
"2018-10-25 13:45:00","30","2022-03-29 00:00:00.000"
"2018-10-25 13:52:00","30","2022-03-29 00:00:00.000"
"2018-10-25 14:00:00","32","2022-03-29 00:00:00.000"
"2018-10-25 13:58:00","30","2022-03-29 00:00:00.000"
"2018-10-25 14:02:00","31","2022-03-29 00:00:00.000"
"2018-10-25 14:03:00","30","2022-03-29 00:00:00.000"
"2018-10-25 14:04:00","30","2022-03-29 00:00:00.000"
"2018-10-25 14:04:00","32","2022-03-29 00:00:00.000"
"2018-10-25 14:06:00","30","2022-03-29 00:00:00.000"
"2018-10-25 14:06:00","32","2022-03-29 00:00:00.000"
"2018-10-25 14:11:00","31","2022-03-29 00:00:00.000"
"2018-10-25 14:07:00","30","2022-03-29 00:00:00.000"
"2018-10-25 14:11:00","30","2022-03-29 00:00:00.000"
"2018-10-25 14:12:00","32","2022-03-29 00:00:00.000"
"2018-10-25 14:13:00","30","2022-03-29 00:00:00.000"
"2018-10-25 14:16:00","32","2022-03-29 00:00:00.000"
"2018-10-25 14:18:00","32","2022-03-29 00:00:00.000"
"2018-10-25 14:23:00","30","2022-03-29 00:00:00.000"
"2018-10-25 14:24:00","30","2022-03-29 00:00:00.000"
"2018-10-25 14:31:00","31","2022-03-29 00:00:00.000"
"2018-10-25 14:24:00","32","2022-03-29 00:00:00.000"
"2018-10-25 14:34:00","31","2022-03-29 00:00:00.000"
"2018-10-25 14:37:00","31","2022-03-29 00:00:00.000"
"2018-10-25 14:43:00","31","2022-03-29 00:00:00.000"
"2018-10-25 14:44:00","30","2022-03-29 00:00:00.000"
"2018-10-25 14:50:00","30","2022-03-29 00:00:00.000"
"2018-10-25 14:59:00","31","2022-03-29 00:00:00.000"
"2018-10-25 15:03:00","31","2022-03-29 00:00:00.000"
"2018-10-25 15:03:00","31","2022-03-29 00:00:00.000"
"2018-10-25 15:14:00","31","2022-03-29 00:00:00.000"
"2018-10-25 15:15:00","33","2022-03-29 00:00:00.000"
"2018-10-25 15:19:00","31","2022-03-29 00:00:00.000"
"2018-10-25 15:20:00","31","2022-03-29 00:00:00.000"
"2018-10-25 15:24:00","31","2022-03-29 00:00:00.000"
"2018-10-25 15:35:00","33","2022-03-29 00:00:00.000"
"2018-10-25 15:31:00","31","2022-03-29 00:00:00.000"
"2018-10-25 15:37:00","33","2022-03-29 00:00:00.000"
"2018-10-25 15:37:00","31","2022-03-29 00:00:00.000"
"2018-10-25 15:39:00","33","2022-03-29 00:00:00.000"
"2018-10-25 15:41:00","33","2022-03-29 00:00:00.000"
"2018-10-25 15:43:00","33","2022-03-29 00:00:00.000"
"2018-10-25 15:43:00","32","2022-03-29 00:00:00.000"
"2018-10-25 15:43:00","32","2022-03-29 00:00:00.000"
"2018-10-25 15:46:00","31","2022-03-29 00:00:00.000"
"2018-10-25 15:47:00","31","2022-03-29 00:00:00.000"
"2018-10-25 15:54:00","32","2022-03-29 00:00:00.000"
"2018-10-25 16:00:00","32","2022-03-29 00:00:00.000"
"2018-10-25 16:02:00","32","2022-03-29 00:00:00.000"
"2018-10-25 16:02:00","32","2022-03-29 00:00:00.000"
"2018-10-25 16:02:00","32","2022-03-29 00:00:00.000"
"2018-10-25 16:08:00","32","2022-03-29 00:00:00.000"
"2018-10-25 16:10:00","31","2022-03-29 00:00:00.000"
"2018-10-25 16:10:00","32","2022-03-29 00:00:00.000"
"2018-10-25 16:13:00","32","2022-03-29 00:00:00.000"
"2018-10-25 16:20:00","31","2022-03-29 00:00:00.000"
"2018-10-25 16:24:00","32","2022-03-29 00:00:00.000"
"2018-10-25 16:25:00","32","2022-03-29 00:00:00.000"
"2018-10-25 16:25:00","32","2022-03-29 00:00:00.000"
"2018-10-25 16:28:00","32","2022-03-29 00:00:00.000"
"2018-10-25 16:34:00","32","2022-03-29 00:00:00.000"
"2018-10-25 16:38:00","32","2022-03-29 00:00:00.000"
"2018-10-25 16:34:00","32","2022-03-29 00:00:00.000"
"2018-10-25 16:40:00","32","2022-03-29 00:00:00.000"
"2018-10-25 16:42:00","33","2022-03-29 00:00:00.000"
"2018-10-25 16:43:00","32","2022-03-29 00:00:00.000"
"2018-10-25 16:44:00","32","2022-03-29 00:00:00.000"
"2018-10-25 16:46:00","32","2022-03-29 00:00:00.000"
"2018-10-25 16:48:00","33","2022-03-29 00:00:00.000"
"2018-10-25 16:48:00","32","2022-03-29 00:00:00.000"
"2018-10-25 17:10:00","32","2022-03-29 00:00:00.000"
"2018-10-25 16:51:00","32","2022-03-29 00:00:00.000"
"2018-10-25 17:01:00","32","2022-03-29 00:00:00.000"
"2018-10-25 17:14:00","33","2022-03-29 00:00:00.000"
"2018-10-25 17:15:00","32","2022-03-29 00:00:00.000"
"2018-10-25 17:16:00","32","2022-03-29 00:00:00.000"
"2018-10-25 17:20:00","32","2022-03-29 00:00:00.000"
"2018-10-25 17:23:00","32","2022-03-29 00:00:00.000"
"2018-10-25 17:29:00","32","2022-03-29 00:00:00.000"
"2018-10-25 17:30:00","32","2022-03-29 00:00:00.000"
"2018-10-25 17:33:00","32","2022-03-29 00:00:00.000"
"2018-10-25 17:36:00","33","2022-03-29 00:00:00.000"
"2018-10-25 17:41:00","32","2022-03-29 00:00:00.000"
"2018-10-25 17:39:00","32","2022-03-29 00:00:00.000"
"2018-10-25 17:41:00","32","2022-03-29 00:00:00.000"
"2018-10-25 17:43:00","32","2022-03-29 00:00:00.000"
"2018-10-25 17:56:00","32","2022-03-29 00:00:00.000"
"2018-10-25 18:11:00","32","2022-03-29 00:00:00.000"
"2018-10-25 18:13:00","32","2022-03-29 00:00:00.000"
"2018-10-25 18:41:00","33","2022-03-29 00:00:00.000"
"2018-10-25 18:16:00","32","2022-03-29 00:00:00.000"
"2018-10-25 18:48:00","32","2022-03-29 00:00:00.000"
"2018-10-25 18:48:00","32","2022-03-29 00:00:00.000"
"2018-10-25 18:46:00","32","2022-03-29 00:00:00.000"
"2018-10-25 18:50:00","32","2022-03-29 00:00:00.000"
"2018-10-25 18:52:00","32","2022-03-29 00:00:00.000"
"2018-10-25 18:59:00","33","2022-03-29 00:00:00.000"
"2018-10-25 18:57:00","32","2022-03-29 00:00:00.000"
"2018-10-25 19:01:00","32","2022-03-29 00:00:00.000"
"2018-10-25 19:03:00","32","2022-03-29 00:00:00.000"
"2018-10-25 19:04:00","32","2022-03-29 00:00:00.000"
"2018-10-25 19:08:00","32","2022-03-29 00:00:00.000"
"2018-10-25 19:08:00","32","2022-03-29 00:00:00.000"
"2018-10-25 19:12:00","32","2022-03-29 00:00:00.000"
"2018-10-25 19:11:00","32","2022-03-29 00:00:00.000"
"2018-10-25 19:14:00","32","2022-03-29 00:00:00.000"
"2018-10-25 19:21:00","32","2022-03-29 00:00:00.000"
"2018-10-25 19:23:00","32","2022-03-29 00:00:00.000"
"2018-10-25 19:25:00","32","2022-03-29 00:00:00.000"
"2018-10-25 19:27:00","32","2022-03-29 00:00:00.000"
"2018-10-25 19:27:00","32","2022-03-29 00:00:00.000"
"2018-10-25 19:28:00","32","2022-03-29 00:00:00.000"
"2018-10-25 19:33:00","32","2022-03-29 00:00:00.000"
"2018-10-25 19:34:00","32","2022-03-29 00:00:00.000"
"2018-10-25 19:34:00","32","2022-03-29 00:00:00.000"
"2018-10-25 19:39:00","32","2022-03-29 00:00:00.000"
"2018-10-25 19:43:00","32","2022-03-29 00:00:00.000"
"2018-10-25 19:44:00","32","2022-03-29 00:00:00.000"
"2018-10-25 19:47:00","32","2022-03-29 00:00:00.000"
"2018-10-25 19:59:00","32","2022-03-29 00:00:00.000"
"2018-10-25 20:01:00","32","2022-03-29 00:00:00.000"
"2018-10-25 20:02:00","32","2022-03-29 00:00:00.000"
"2018-10-25 20:06:00","33","2022-03-29 00:00:00.000"
"2018-10-25 20:08:00","33","2022-03-29 00:00:00.000"
"2018-10-25 20:07:00","32","2022-03-29 00:00:00.000"
"2018-10-25 20:09:00","32","2022-03-29 00:00:00.000"
"2018-10-25 20:11:00","32","2022-03-29 00:00:00.000"
"2018-10-25 20:10:00","33","2022-03-29 00:00:00.000"
"2018-10-25 20:33:00","32","2022-03-29 00:00:00.000"
"2018-10-25 20:35:00","32","2022-03-29 00:00:00.000"
"2018-10-25 20:41:00","32","2022-03-29 00:00:00.000"
"2018-10-25 20:43:00","31","2022-03-29 00:00:00.000"
"2018-10-25 20:44:00","32","2022-03-29 00:00:00.000"
"2018-10-25 20:50:00","32","2022-03-29 00:00:00.000"
"2018-10-25 20:56:00","32","2022-03-29 00:00:00.000"
"2018-10-25 20:57:00","32","2022-03-29 00:00:00.000"
"2018-10-25 20:58:00","32","2022-03-29 00:00:00.000"
"2018-10-25 21:00:00","33","2022-03-29 00:00:00.000"
"2018-10-25 21:02:00","32","2022-03-29 00:00:00.000"
"2018-10-25 21:20:00","32","2022-03-29 00:00:00.000"
"2018-10-25 21:21:00","32","2022-03-29 00:00:00.000"
"2018-10-25 21:22:00","32","2022-03-29 00:00:00.000"
"2018-10-25 21:29:00","32","2022-03-29 00:00:00.000"
"2018-10-25 21:26:00","32","2022-03-29 00:00:00.000"
"2018-10-25 21:41:00","32","2022-03-29 00:00:00.000"
"2018-10-25 21:45:00","32","2022-03-29 00:00:00.000"
"2018-10-25 21:51:00","32","2022-03-29 00:00:00.000"
"2018-10-25 21:52:00","32","2022-03-29 00:00:00.000"
"2018-10-25 21:53:00","32","2022-03-29 00:00:00.000"
"2018-10-25 21:55:00","32","2022-03-29 00:00:00.000"
"2018-10-25 22:01:00","32","2022-03-29 00:00:00.000"
"2018-10-25 22:03:00","32","2022-03-29 00:00:00.000"
"2018-10-25 22:05:00","33","2022-03-29 00:00:00.000"
"2018-10-25 22:10:00","33","2022-03-29 00:00:00.000"
"2018-10-25 22:08:00","33","2022-03-29 00:00:00.000"
"2018-10-25 22:25:00","33","2022-03-29 00:00:00.000"
"2018-10-25 22:35:00","32","2022-03-29 00:00:00.000"
"2018-10-25 22:34:00","33","2022-03-29 00:00:00.000"
"2018-10-25 22:37:00","32","2022-03-29 00:00:00.000"
"2018-10-25 22:38:00","33","2022-03-29 00:00:00.000"
"2018-10-25 22:40:00","32","2022-03-29 00:00:00.000"
"2018-10-25 22:44:00","32","2022-03-29 00:00:00.000"
"2018-10-25 22:46:00","32","2022-03-29 00:00:00.000"
"2018-10-25 22:53:00","32","2022-03-29 00:00:00.000"
"2018-10-25 22:55:00","32","2022-03-29 00:00:00.000"
"2018-10-25 22:57:00","32","2022-03-29 00:00:00.000"
